Year,Material,Tons
1/1/2001,Aluminum,99610.732319
1/1/2001,Antimony,0.000000
1/1/2001,Arsenic,0.000000
1/1/2001,Baryte,0.000000
1/1/2001,Beryllium,0.000000
1/1/2001,Bismuth,0.000000
1/1/2001,Borate,0.000000
1/1/2001,Boron,6.604194
1/1/2001,Cadmium,3.879858
1/1/2001,Cerium (REE),0.000000
1/1/2001,Chromium,9654.073834
1/1/2001,Cobalt,127.761462
1/1/2001,Copper,40898.654392
1/1/2001,Dysprosium (REE),5.078763
1/1/2001,Erbium (REE),0.000000
1/1/2001,Europium (REE),0.000000
1/1/2001,Fluorspar,0.000000
1/1/2001,Gadolinium (REE),0.000000
1/1/2001,Gallium,0.143068
1/1/2001,Germanium,0.000000
1/1/2001,Gold,0.000000
1/1/2001,Graphite,0.000000
1/1/2001,Hafnium,3.024000
1/1/2001,Helium,0.000000
1/1/2001,Holmium (REE),0.000000
1/1/2001,Indium,6.281427
1/1/2001,Iridium,0.000000
1/1/2001,Iron,7852.959154
1/1/2001,Lanthanum (REE),0.000000
1/1/2001,Lead,3194.485417
1/1/2001,Lithium,123.200962
1/1/2001,Lutetium (REE),0.000000
1/1/2001,Magnesium,977.812775
1/1/2001,Manganese,2264.192204
1/1/2001,Molybdenum,4429.029682
1/1/2001,Neodymium (REE),17.639145
1/1/2001,Nickel,-10202.477541
1/1/2001,Niobium,243.228480
1/1/2001,Palladium,0.000000
1/1/2001,Phosphate rock,0.000000
1/1/2001,Phosphorus,0.000000
1/1/2001,Platinum,0.000000
1/1/2001,Praseodymium (REE),19.830203
1/1/2001,Rhenium,0.000000
1/1/2001,Rhodium,0.000000
1/1/2001,Ruthenium,0.000000
1/1/2001,Samarium (REE),0.000000
1/1/2001,Scandium (REE),0.000000
1/1/2001,Selenium,0.459324
1/1/2001,Silicon,1449.723874
1/1/2001,Silver,30.957980
1/1/2001,Steel,8471222.662625
1/1/2001,Tantalum,-0.129920
1/1/2001,Tellurium,0.905045
1/1/2001,Terbium (REE),6.604000
1/1/2001,Thulium,0.000000
1/1/2001,Tin,690.122800
1/1/2001,Titanium,0.000000
1/1/2001,Tungsten,15.120000
1/1/2001,Vanadium,597.869800
1/1/2001,Yetterbium (REE),0.000000
1/1/2001,Yttrium (REE),3.024000
1/1/2001,Zinc,40624.767636
1/1/2001,Zirconium,93.744000
1/1/2002,Aluminum,136297.422549
1/1/2002,Antimony,0.000000
1/1/2002,Arsenic,0.000000
1/1/2002,Baryte,0.000000
1/1/2002,Beryllium,0.000000
1/1/2002,Bismuth,0.000000
1/1/2002,Borate,0.000000
1/1/2002,Boron,6.964530
1/1/2002,Cadmium,6.398684
1/1/2002,Cerium (REE),0.000000
1/1/2002,Chromium,33472.636739
1/1/2002,Cobalt,144.441394
1/1/2002,Copper,51063.937305
1/1/2002,Dysprosium (REE),5.085484
1/1/2002,Erbium (REE),0.000000
1/1/2002,Europium (REE),0.000000
1/1/2002,Fluorspar,0.000000
1/1/2002,Gadolinium (REE),0.000000
1/1/2002,Gallium,0.176020
1/1/2002,Germanium,0.000000
1/1/2002,Gold,0.000000
1/1/2002,Graphite,0.000000
1/1/2002,Hafnium,5.366012
1/1/2002,Helium,0.000000
1/1/2002,Holmium (REE),0.000000
1/1/2002,Indium,11.019214
1/1/2002,Iridium,0.000000
1/1/2002,Iron,9105.814905
1/1/2002,Lanthanum (REE),0.000000
1/1/2002,Lead,4650.380173
1/1/2002,Lithium,123.364005
1/1/2002,Lutetium (REE),0.000000
1/1/2002,Magnesium,1474.963454
1/1/2002,Manganese,3992.708305
1/1/2002,Molybdenum,6751.433746
1/1/2002,Neodymium (REE),17.662488
1/1/2002,Nickel,11188.018194
1/1/2002,Niobium,281.652894
1/1/2002,Palladium,0.000000
1/1/2002,Phosphate rock,0.000000
1/1/2002,Phosphorus,0.000000
1/1/2002,Platinum,0.000000
1/1/2002,Praseodymium (REE),20.911124
1/1/2002,Rhenium,0.000000
1/1/2002,Rhodium,0.000000
1/1/2002,Ruthenium,0.000000
1/1/2002,Samarium (REE),0.000000
1/1/2002,Scandium (REE),0.000000
1/1/2002,Selenium,0.565116
1/1/2002,Silicon,1725.123234
1/1/2002,Silver,50.979378
1/1/2002,Steel,12483578.614030
1/1/2002,Tantalum,3.135887
1/1/2002,Tellurium,1.092016
1/1/2002,Terbium (REE),6.964299
1/1/2002,Thulium,0.000000
1/1/2002,Tin,749.754042
1/1/2002,Titanium,0.000000
1/1/2002,Tungsten,26.830070
1/1/2002,Vanadium,632.731917
1/1/2002,Yetterbium (REE),0.000000
1/1/2002,Yttrium (REE),5.366012
1/1/2002,Zinc,44573.380660
1/1/2002,Zirconium,166.346375
1/1/2003,Aluminum,168206.296536
1/1/2003,Antimony,0.000000
1/1/2003,Arsenic,0.000000
1/1/2003,Baryte,0.000000
1/1/2003,Beryllium,0.000000
1/1/2003,Bismuth,0.000000
1/1/2003,Borate,0.000000
1/1/2003,Boron,7.704389
1/1/2003,Cadmium,3.778306
1/1/2003,Cerium (REE),0.000000
1/1/2003,Chromium,45959.485704
1/1/2003,Cobalt,169.720542
1/1/2003,Copper,64980.726861
1/1/2003,Dysprosium (REE),5.100650
1/1/2003,Erbium (REE),0.000000
1/1/2003,Europium (REE),0.000000
1/1/2003,Fluorspar,0.000000
1/1/2003,Gadolinium (REE),0.000000
1/1/2003,Gallium,0.300985
1/1/2003,Germanium,0.000000
1/1/2003,Gold,0.000000
1/1/2003,Graphite,0.000000
1/1/2003,Hafnium,2.045090
1/1/2003,Helium,0.000000
1/1/2003,Holmium (REE),0.000000
1/1/2003,Indium,4.581260
1/1/2003,Iridium,0.000000
1/1/2003,Iron,10870.362095
1/1/2003,Lanthanum (REE),0.000000
1/1/2003,Lead,6145.673201
1/1/2003,Lithium,123.731902
1/1/2003,Lutetium (REE),0.000000
1/1/2003,Magnesium,1966.679821
1/1/2003,Manganese,5424.452009
1/1/2003,Molybdenum,8585.941172
1/1/2003,Neodymium (REE),17.715161
1/1/2003,Nickel,20910.029988
1/1/2003,Niobium,313.647841
1/1/2003,Palladium,0.000000
1/1/2003,Phosphate rock,0.000000
1/1/2003,Phosphorus,0.000000
1/1/2003,Platinum,0.000000
1/1/2003,Praseodymium (REE),23.130298
1/1/2003,Rhenium,0.000000
1/1/2003,Rhodium,0.000000
1/1/2003,Ruthenium,0.000000
1/1/2003,Samarium (REE),0.000000
1/1/2003,Scandium (REE),0.000000
1/1/2003,Selenium,0.966323
1/1/2003,Silicon,2856.008008
1/1/2003,Silver,29.689907
1/1/2003,Steel,11840475.007119
1/1/2003,Tantalum,8.383386
1/1/2003,Tellurium,1.832792
1/1/2003,Terbium (REE),7.704005
1/1/2003,Thulium,0.000000
1/1/2003,Tin,863.101350
1/1/2003,Titanium,0.000000
1/1/2003,Tungsten,10.225523
1/1/2003,Vanadium,696.365641
1/1/2003,Yetterbium (REE),0.000000
1/1/2003,Yttrium (REE),2.045089
1/1/2003,Zinc,50893.231939
1/1/2003,Zirconium,63.397786
1/1/2004,Aluminum,151428.475561
1/1/2004,Antimony,0.000000
1/1/2004,Arsenic,0.000000
1/1/2004,Baryte,0.000000
1/1/2004,Beryllium,0.000000
1/1/2004,Bismuth,0.000000
1/1/2004,Borate,0.000000
1/1/2004,Boron,8.501593
1/1/2004,Cadmium,8.340643
1/1/2004,Cerium (REE),0.000000
1/1/2004,Chromium,33335.696502
1/1/2004,Cobalt,206.071346
1/1/2004,Copper,57321.553867
1/1/2004,Dysprosium (REE),5.132310
1/1/2004,Erbium (REE),0.000000
1/1/2004,Europium (REE),0.000000
1/1/2004,Fluorspar,0.000000
1/1/2004,Gadolinium (REE),0.000000
1/1/2004,Gallium,0.651518
1/1/2004,Germanium,0.000000
1/1/2004,Gold,0.000000
1/1/2004,Graphite,0.000000
1/1/2004,Hafnium,4.655318
1/1/2004,Helium,0.000000
1/1/2004,Holmium (REE),0.000000
1/1/2004,Indium,10.373639
1/1/2004,Iridium,0.000000
1/1/2004,Iron,13363.336547
1/1/2004,Lanthanum (REE),0.000000
1/1/2004,Lead,4867.208352
1/1/2004,Lithium,124.499910
1/1/2004,Lutetium (REE),0.000000
1/1/2004,Magnesium,1507.593773
1/1/2004,Manganese,4019.350057
1/1/2004,Molybdenum,6916.002058
1/1/2004,Neodymium (REE),17.825120
1/1/2004,Nickel,5997.423270
1/1/2004,Niobium,331.317096
1/1/2004,Palladium,0.000000
1/1/2004,Phosphate rock,0.000000
1/1/2004,Phosphorus,0.000000
1/1/2004,Platinum,0.000000
1/1/2004,Praseodymium (REE),25.520754
1/1/2004,Rhenium,0.000000
1/1/2004,Rhodium,0.000000
1/1/2004,Ruthenium,0.000000
1/1/2004,Samarium (REE),0.000000
1/1/2004,Scandium (REE),0.000000
1/1/2004,Selenium,2.091726
1/1/2004,Silicon,5990.898621
1/1/2004,Silver,65.202436
1/1/2004,Steel,11530672.527459
1/1/2004,Tantalum,-0.010911
1/1/2004,Tellurium,3.897003
1/1/2004,Terbium (REE),8.500786
1/1/2004,Thulium,0.000000
1/1/2004,Tin,1123.665973
1/1/2004,Titanium,0.000000
1/1/2004,Tungsten,23.276850
1/1/2004,Vanadium,771.743162
1/1/2004,Yetterbium (REE),0.000000
1/1/2004,Yttrium (REE),4.655315
1/1/2004,Zinc,54285.683406
1/1/2004,Zirconium,144.314861
1/1/2005,Aluminum,186626.038034
1/1/2005,Antimony,0.000000
1/1/2005,Arsenic,0.000000
1/1/2005,Baryte,0.000000
1/1/2005,Beryllium,0.000000
1/1/2005,Bismuth,0.000000
1/1/2005,Borate,0.000000
1/1/2005,Boron,12.342649
1/1/2005,Cadmium,8.869653
1/1/2005,Cerium (REE),0.000000
1/1/2005,Chromium,58848.260260
1/1/2005,Cobalt,262.022476
1/1/2005,Copper,78328.325083
1/1/2005,Dysprosium (REE),5.190197
1/1/2005,Erbium (REE),0.000000
1/1/2005,Europium (REE),0.000000
1/1/2005,Fluorspar,0.000000
1/1/2005,Gadolinium (REE),0.000000
1/1/2005,Gallium,0.945219
1/1/2005,Germanium,0.000000
1/1/2005,Gold,0.000000
1/1/2005,Graphite,0.000000
1/1/2005,Hafnium,3.613786
1/1/2005,Helium,0.000000
1/1/2005,Holmium (REE),0.000000
1/1/2005,Indium,8.769773
1/1/2005,Iridium,0.000000
1/1/2005,Iron,16888.069389
1/1/2005,Lanthanum (REE),0.000000
1/1/2005,Lead,4323.984691
1/1/2005,Lithium,125.904125
1/1/2005,Lutetium (REE),0.000000
1/1/2005,Magnesium,1211.949365
1/1/2005,Manganese,5480.077818
1/1/2005,Molybdenum,10248.883002
1/1/2005,Neodymium (REE),18.026167
1/1/2005,Nickel,56471.635244
1/1/2005,Niobium,526.548682
1/1/2005,Palladium,0.000000
1/1/2005,Phosphate rock,0.000000
1/1/2005,Phosphorus,0.000000
1/1/2005,Platinum,0.000000
1/1/2005,Praseodymium (REE),37.043139
1/1/2005,Rhenium,0.000000
1/1/2005,Rhodium,0.000000
1/1/2005,Ruthenium,0.000000
1/1/2005,Samarium (REE),0.000000
1/1/2005,Scandium (REE),0.000000
1/1/2005,Selenium,3.034684
1/1/2005,Silicon,8430.442909
1/1/2005,Silver,68.255239
1/1/2005,Steel,13150463.241881
1/1/2005,Tantalum,25.008402
1/1/2005,Tellurium,5.557606
1/1/2005,Terbium (REE),12.341512
1/1/2005,Thulium,0.000000
1/1/2005,Tin,1601.908528
1/1/2005,Titanium,0.000000
1/1/2005,Tungsten,18.069574
1/1/2005,Vanadium,1117.192639
1/1/2005,Yetterbium (REE),0.000000
1/1/2005,Yttrium (REE),3.613779
1/1/2005,Zinc,75170.943628
1/1/2005,Zirconium,112.027377
1/1/2006,Aluminum,238457.130055
1/1/2006,Antimony,0.000000
1/1/2006,Arsenic,0.000000
1/1/2006,Baryte,0.000000
1/1/2006,Beryllium,0.000000
1/1/2006,Bismuth,0.000000
1/1/2006,Borate,0.000000
1/1/2006,Boron,13.780971
1/1/2006,Cadmium,6.607086
1/1/2006,Cerium (REE),0.000000
1/1/2006,Chromium,63450.993943
1/1/2006,Cobalt,358.767134
1/1/2006,Copper,92574.871513
1/1/2006,Dysprosium (REE),7.223166
1/1/2006,Erbium (REE),0.000000
1/1/2006,Europium (REE),0.000000
1/1/2006,Fluorspar,0.000000
1/1/2006,Gadolinium (REE),0.000000
1/1/2006,Gallium,0.935913
1/1/2006,Germanium,0.000000
1/1/2006,Gold,0.000000
1/1/2006,Graphite,0.000000
1/1/2006,Hafnium,1.487610
1/1/2006,Helium,0.000000
1/1/2006,Holmium (REE),0.000000
1/1/2006,Indium,4.502236
1/1/2006,Iridium,0.000000
1/1/2006,Iron,23669.828256
1/1/2006,Lanthanum (REE),0.000000
1/1/2006,Lead,7579.761825
1/1/2006,Lithium,175.220023
1/1/2006,Lutetium (REE),0.000000
1/1/2006,Magnesium,2362.061525
1/1/2006,Manganese,7280.952194
1/1/2006,Molybdenum,12042.422382
1/1/2006,Neodymium (REE),25.086909
1/1/2006,Nickel,33166.649129
1/1/2006,Niobium,552.267544
1/1/2006,Palladium,0.000000
1/1/2006,Phosphate rock,0.000000
1/1/2006,Phosphorus,0.000000
1/1/2006,Platinum,0.000000
1/1/2006,Praseodymium (REE),41.365520
1/1/2006,Rhenium,0.000000
1/1/2006,Rhodium,0.000000
1/1/2006,Ruthenium,0.000000
1/1/2006,Samarium (REE),0.000000
1/1/2006,Scandium (REE),0.000000
1/1/2006,Selenium,3.004852
1/1/2006,Silicon,8104.963615
1/1/2006,Silver,49.725089
1/1/2006,Steel,15970611.137163
1/1/2006,Tantalum,12.488643
1/1/2006,Tellurium,5.412973
1/1/2006,Terbium (REE),13.779877
1/1/2006,Thulium,0.000000
1/1/2006,Tin,1704.423942
1/1/2006,Titanium,0.000000
1/1/2006,Tungsten,7.439364
1/1/2006,Vanadium,1244.413110
1/1/2006,Yetterbium (REE),0.000000
1/1/2006,Yttrium (REE),1.487594
1/1/2006,Zinc,87291.228819
1/1/2006,Zirconium,46.115903
1/1/2007,Aluminum,259929.922935
1/1/2007,Antimony,0.000000
1/1/2007,Arsenic,0.000000
1/1/2007,Baryte,0.000000
1/1/2007,Beryllium,0.000000
1/1/2007,Bismuth,0.000000
1/1/2007,Borate,0.000000
1/1/2007,Boron,18.644387
1/1/2007,Cadmium,9.082152
1/1/2007,Cerium (REE),0.000000
1/1/2007,Chromium,73363.733198
1/1/2007,Cobalt,497.266445
1/1/2007,Copper,101466.418948
1/1/2007,Dysprosium (REE),10.128192
1/1/2007,Erbium (REE),0.000000
1/1/2007,Europium (REE),0.000000
1/1/2007,Fluorspar,0.000000
1/1/2007,Gadolinium (REE),0.000000
1/1/2007,Gallium,1.688159
1/1/2007,Germanium,0.000000
1/1/2007,Gold,0.000000
1/1/2007,Graphite,0.000000
1/1/2007,Hafnium,-0.000452
1/1/2007,Helium,0.000000
1/1/2007,Holmium (REE),0.000000
1/1/2007,Indium,2.753459
1/1/2007,Iridium,0.000000
1/1/2007,Iron,33259.265517
1/1/2007,Lanthanum (REE),0.000000
1/1/2007,Lead,8010.463435
1/1/2007,Lithium,245.690324
1/1/2007,Lutetium (REE),0.000000
1/1/2007,Magnesium,2553.817353
1/1/2007,Manganese,8342.173128
1/1/2007,Molybdenum,14097.866670
1/1/2007,Neodymium (REE),35.176407
1/1/2007,Nickel,37749.814665
1/1/2007,Niobium,735.343398
1/1/2007,Palladium,0.000000
1/1/2007,Phosphate rock,0.000000
1/1/2007,Phosphorus,0.000000
1/1/2007,Platinum,0.000000
1/1/2007,Praseodymium (REE),55.963700
1/1/2007,Rhenium,0.000000
1/1/2007,Rhodium,0.000000
1/1/2007,Ruthenium,0.000000
1/1/2007,Samarium (REE),0.000000
1/1/2007,Scandium (REE),0.000000
1/1/2007,Selenium,5.420045
1/1/2007,Silicon,14202.532489
1/1/2007,Silver,66.085569
1/1/2007,Steel,15623672.023981
1/1/2007,Tantalum,12.859076
1/1/2007,Tellurium,9.610258
1/1/2007,Terbium (REE),18.642466
1/1/2007,Thulium,0.000000
1/1/2007,Tin,2479.620537
1/1/2007,Titanium,0.000000
1/1/2007,Tungsten,-0.039592
1/1/2007,Vanadium,1682.624230
1/1/2007,Yetterbium (REE),0.000000
1/1/2007,Yttrium (REE),0.000000
1/1/2007,Zinc,115861.443029
1/1/2007,Zirconium,-0.014027
1/1/2008,Aluminum,410645.995964
1/1/2008,Antimony,0.000000
1/1/2008,Arsenic,0.000000
1/1/2008,Baryte,0.000000
1/1/2008,Beryllium,0.000000
1/1/2008,Bismuth,0.000000
1/1/2008,Borate,0.000000
1/1/2008,Boron,24.657379
1/1/2008,Cadmium,22.556698
1/1/2008,Cerium (REE),0.000000
1/1/2008,Chromium,99659.505757
1/1/2008,Cobalt,702.559568
1/1/2008,Copper,143338.538868
1/1/2008,Dysprosium (REE),14.202442
1/1/2008,Erbium (REE),0.000000
1/1/2008,Europium (REE),0.000000
1/1/2008,Fluorspar,0.000000
1/1/2008,Gadolinium (REE),0.000000
1/1/2008,Gallium,4.252103
1/1/2008,Germanium,0.000000
1/1/2008,Gold,0.000000
1/1/2008,Graphite,0.000000
1/1/2008,Hafnium,0.009769
1/1/2008,Helium,0.000000
1/1/2008,Holmium (REE),0.000000
1/1/2008,Indium,6.957180
1/1/2008,Iridium,0.000000
1/1/2008,Iron,46738.058383
1/1/2008,Lanthanum (REE),0.000000
1/1/2008,Lead,8892.174030
1/1/2008,Lithium,344.523759
1/1/2008,Lutetium (REE),0.000000
1/1/2008,Magnesium,2703.551312
1/1/2008,Manganese,9957.426250
1/1/2008,Molybdenum,17275.886156
1/1/2008,Neodymium (REE),49.326762
1/1/2008,Nickel,59572.042686
1/1/2008,Niobium,977.889782
1/1/2008,Palladium,0.000000
1/1/2008,Phosphate rock,0.000000
1/1/2008,Phosphorus,0.000000
1/1/2008,Platinum,0.000000
1/1/2008,Praseodymium (REE),74.008907
1/1/2008,Rhenium,0.000000
1/1/2008,Rhodium,0.000000
1/1/2008,Ruthenium,0.000000
1/1/2008,Samarium (REE),0.000000
1/1/2008,Scandium (REE),0.000000
1/1/2008,Selenium,13.651813
1/1/2008,Silicon,34769.793270
1/1/2008,Silver,162.336347
1/1/2008,Steel,21343201.102076
1/1/2008,Tantalum,19.451654
1/1/2008,Tellurium,23.840045
1/1/2008,Terbium (REE),24.652667
1/1/2008,Thulium,0.000000
1/1/2008,Tin,4182.225311
1/1/2008,Titanium,0.000000
1/1/2008,Tungsten,0.052741
1/1/2008,Vanadium,2230.528516
1/1/2008,Yetterbium (REE),0.000000
1/1/2008,Yttrium (REE),0.009722
1/1/2008,Zinc,154872.079149
1/1/2008,Zirconium,0.302844
1/1/2009,Aluminum,516303.821145
1/1/2009,Antimony,0.000000
1/1/2009,Arsenic,0.000000
1/1/2009,Baryte,0.000000
1/1/2009,Beryllium,0.000000
1/1/2009,Bismuth,0.000000
1/1/2009,Borate,0.000000
1/1/2009,Boron,33.931919
1/1/2009,Cadmium,30.016132
1/1/2009,Cerium (REE),0.000000
1/1/2009,Chromium,129323.034072
1/1/2009,Cobalt,986.383455
1/1/2009,Copper,186084.248285
1/1/2009,Dysprosium (REE),19.913026
1/1/2009,Erbium (REE),0.000000
1/1/2009,Europium (REE),0.000000
1/1/2009,Fluorspar,0.000000
1/1/2009,Gadolinium (REE),0.000000
1/1/2009,Gallium,5.763829
1/1/2009,Germanium,0.000000
1/1/2009,Gold,0.000000
1/1/2009,Graphite,0.000000
1/1/2009,Hafnium,-0.006769
1/1/2009,Helium,0.000000
1/1/2009,Holmium (REE),0.000000
1/1/2009,Indium,9.390605
1/1/2009,Iridium,0.000000
1/1/2009,Iron,65664.128917
1/1/2009,Lanthanum (REE),0.000000
1/1/2009,Lead,9973.836786
1/1/2009,Lithium,483.051463
1/1/2009,Lutetium (REE),0.000000
1/1/2009,Magnesium,2975.182079
1/1/2009,Manganese,12587.647938
1/1/2009,Molybdenum,22433.153472
1/1/2009,Neodymium (REE),69.160294
1/1/2009,Nickel,90323.061963
1/1/2009,Niobium,1355.057982
1/1/2009,Palladium,0.000000
1/1/2009,Phosphate rock,0.000000
1/1/2009,Phosphorus,0.000000
1/1/2009,Platinum,0.000000
1/1/2009,Praseodymium (REE),101.848462
1/1/2009,Rhenium,0.000000
1/1/2009,Rhodium,0.000000
1/1/2009,Ruthenium,0.000000
1/1/2009,Samarium (REE),0.000000
1/1/2009,Scandium (REE),0.000000
1/1/2009,Selenium,18.505524
1/1/2009,Silicon,45855.970395
1/1/2009,Silver,211.245542
1/1/2009,Steel,26165137.043393
1/1/2009,Tantalum,31.550485
1/1/2009,Tellurium,31.844963
1/1/2009,Terbium (REE),33.925696
1/1/2009,Thulium,0.000000
1/1/2009,Tin,5646.558044
1/1/2009,Titanium,0.000000
1/1/2009,Tungsten,-0.592273
1/1/2009,Vanadium,3068.862806
1/1/2009,Yetterbium (REE),0.000000
1/1/2009,Yttrium (REE),0.000000
1/1/2009,Zinc,209714.210886
1/1/2009,Zirconium,-0.209834
1/1/2010,Aluminum,802141.096559
1/1/2010,Antimony,0.000000
1/1/2010,Arsenic,0.000000
1/1/2010,Baryte,0.000000
1/1/2010,Beryllium,0.000000
1/1/2010,Bismuth,0.000000
1/1/2010,Borate,0.000000
1/1/2010,Boron,30.730131
1/1/2010,Cadmium,68.601834
1/1/2010,Cerium (REE),0.000000
1/1/2010,Chromium,144395.699565
1/1/2010,Cobalt,395.845849
1/1/2010,Copper,208799.325257
1/1/2010,Dysprosium (REE),7.577638
1/1/2010,Erbium (REE),0.000000
1/1/2010,Europium (REE),0.000000
1/1/2010,Fluorspar,0.000000
1/1/2010,Gadolinium (REE),0.000000
1/1/2010,Gallium,12.481895
1/1/2010,Germanium,0.000000
1/1/2010,Gold,0.000000
1/1/2010,Graphite,0.000000
1/1/2010,Hafnium,4.296203
1/1/2010,Helium,0.000000
1/1/2010,Holmium (REE),0.000000
1/1/2010,Indium,28.957602
1/1/2010,Iridium,0.000000
1/1/2010,Iron,25923.390477
1/1/2010,Lanthanum (REE),0.000000
1/1/2010,Lead,10040.397204
1/1/2010,Lithium,183.818824
1/1/2010,Lutetium (REE),0.000000
1/1/2010,Magnesium,2918.107235
1/1/2010,Manganese,9644.711837
1/1/2010,Molybdenum,19880.926187
1/1/2010,Neodymium (REE),26.318032
1/1/2010,Nickel,74051.696527
1/1/2010,Niobium,1212.219924
1/1/2010,Palladium,0.000000
1/1/2010,Phosphate rock,0.000000
1/1/2010,Phosphorus,0.000000
1/1/2010,Platinum,0.000000
1/1/2010,Praseodymium (REE),92.178136
1/1/2010,Rhenium,0.000000
1/1/2010,Rhodium,0.000000
1/1/2010,Ruthenium,0.000000
1/1/2010,Samarium (REE),0.000000
1/1/2010,Scandium (REE),0.000000
1/1/2010,Selenium,40.074519
1/1/2010,Silicon,96651.086061
1/1/2010,Silver,485.383812
1/1/2010,Steel,38316917.540427
1/1/2010,Tantalum,15.473626
1/1/2010,Tellurium,67.993479
1/1/2010,Terbium (REE),30.716992
1/1/2010,Thulium,0.000000
1/1/2010,Tin,8259.616474
1/1/2010,Titanium,0.000000
1/1/2010,Tungsten,21.489592
1/1/2010,Vanadium,2801.672585
1/1/2010,Yetterbium (REE),0.000000
1/1/2010,Yttrium (REE),4.296099
1/1/2010,Zinc,204689.665676
1/1/2010,Zirconium,133.182284
1/1/2011,Aluminum,1302496.726227
1/1/2011,Antimony,0.000000
1/1/2011,Arsenic,0.000000
1/1/2011,Baryte,0.000000
1/1/2011,Beryllium,0.000000
1/1/2011,Bismuth,0.000000
1/1/2011,Borate,0.000000
1/1/2011,Boron,39.904970
1/1/2011,Cadmium,116.775267
1/1/2011,Cerium (REE),0.000000
1/1/2011,Chromium,173888.656378
1/1/2011,Cobalt,3739.659672
1/1/2011,Copper,309565.664901
1/1/2011,Dysprosium (REE),76.678431
1/1/2011,Erbium (REE),0.000000
1/1/2011,Europium (REE),0.000000
1/1/2011,Fluorspar,0.000000
1/1/2011,Gadolinium (REE),0.000000
1/1/2011,Gallium,23.169642
1/1/2011,Germanium,0.000000
1/1/2011,Gold,0.000000
1/1/2011,Graphite,0.000000
1/1/2011,Hafnium,-0.064799
1/1/2011,Helium,0.000000
1/1/2011,Holmium (REE),0.000000
1/1/2011,Indium,37.673502
1/1/2011,Iridium,0.000000
1/1/2011,Iron,251864.620289
1/1/2011,Lanthanum (REE),0.000000
1/1/2011,Lead,9423.757522
1/1/2011,Lithium,1860.070334
1/1/2011,Lutetium (REE),0.000000
1/1/2011,Magnesium,2578.958815
1/1/2011,Manganese,17131.474809
1/1/2011,Molybdenum,19846.669611
1/1/2011,Neodymium (REE),266.313261
1/1/2011,Nickel,74261.449335
1/1/2011,Niobium,1511.847474
1/1/2011,Palladium,0.000000
1/1/2011,Phosphate rock,0.000000
1/1/2011,Phosphorus,0.000000
1/1/2011,Platinum,0.000000
1/1/2011,Praseodymium (REE),119.918361
1/1/2011,Rhenium,0.000000
1/1/2011,Rhodium,0.000000
1/1/2011,Ruthenium,0.000000
1/1/2011,Samarium (REE),0.000000
1/1/2011,Scandium (REE),0.000000
1/1/2011,Selenium,74.388617
1/1/2011,Silicon,174741.378196
1/1/2011,Silver,789.433247
1/1/2011,Steel,50850285.019404
1/1/2011,Tantalum,-0.046014
1/1/2011,Tellurium,124.503365
1/1/2011,Terbium (REE),39.881176
1/1/2011,Thulium,0.000000
1/1/2011,Tin,13471.544621
1/1/2011,Titanium,0.000000
1/1/2011,Tungsten,-5.669893
1/1/2011,Vanadium,3648.726640
1/1/2011,Yetterbium (REE),0.000000
1/1/2011,Yttrium (REE),0.000000
1/1/2011,Zinc,272873.700963
1/1/2011,Zirconium,-2.008762
1/1/2012,Aluminum,1228612.175054
1/1/2012,Antimony,0.000000
1/1/2012,Arsenic,0.000000
1/1/2012,Baryte,0.000000
1/1/2012,Beryllium,0.000000
1/1/2012,Bismuth,0.000000
1/1/2012,Borate,0.000000
1/1/2012,Boron,49.136001
1/1/2012,Cadmium,113.288003
1/1/2012,Cerium (REE),0.000000
1/1/2012,Chromium,212000.805704
1/1/2012,Cobalt,4015.675923
1/1/2012,Copper,329135.248840
1/1/2012,Dysprosium (REE),138.063667
1/1/2012,Erbium (REE),0.000000
1/1/2012,Europium (REE),0.000000
1/1/2012,Fluorspar,0.000000
1/1/2012,Gadolinium (REE),0.000000
1/1/2012,Gallium,21.803001
1/1/2012,Germanium,0.000000
1/1/2012,Gold,0.000000
1/1/2012,Graphite,0.000000
1/1/2012,Hafnium,3.924554
1/1/2012,Helium,0.000000
1/1/2012,Holmium (REE),0.000000
1/1/2012,Indium,43.422426
1/1/2012,Iridium,0.000000
1/1/2012,Iron,260442.968252
1/1/2012,Lanthanum (REE),0.000000
1/1/2012,Lead,10079.287438
1/1/2012,Lithium,3349.157339
1/1/2012,Lutetium (REE),0.000000
1/1/2012,Magnesium,2856.115366
1/1/2012,Manganese,22645.259072
1/1/2012,Molybdenum,27395.848569
1/1/2012,Neodymium (REE),479.511445
1/1/2012,Nickel,136893.731911
1/1/2012,Niobium,1943.804982
1/1/2012,Palladium,0.000000
1/1/2012,Phosphate rock,0.000000
1/1/2012,Phosphorus,0.000000
1/1/2012,Platinum,0.000000
1/1/2012,Praseodymium (REE),147.837281
1/1/2012,Rhenium,0.000000
1/1/2012,Rhodium,0.000000
1/1/2012,Ruthenium,0.000000
1/1/2012,Samarium (REE),0.000000
1/1/2012,Scandium (REE),0.000000
1/1/2012,Selenium,70.002383
1/1/2012,Silicon,160328.349844
1/1/2012,Silver,779.431195
1/1/2012,Steel,52582827.894589
1/1/2012,Tantalum,28.891715
1/1/2012,Tellurium,115.626945
1/1/2012,Terbium (REE),49.114143
1/1/2012,Thulium,0.000000
1/1/2012,Tin,13558.439538
1/1/2012,Titanium,0.000000
1/1/2012,Tungsten,19.638580
1/1/2012,Vanadium,4478.841536
1/1/2012,Yetterbium (REE),0.000000
1/1/2012,Yttrium (REE),3.924363
1/1/2012,Zinc,321060.306519
1/1/2012,Zirconium,121.661180
1/1/2013,Aluminum,1573590.150691
1/1/2013,Antimony,0.000000
1/1/2013,Arsenic,0.000000
1/1/2013,Baryte,0.000000
1/1/2013,Beryllium,0.000000
1/1/2013,Bismuth,0.000000
1/1/2013,Borate,0.000000
1/1/2013,Boron,35.096942
1/1/2013,Cadmium,145.369625
1/1/2013,Cerium (REE),0.000000
1/1/2013,Chromium,250050.306622
1/1/2013,Cobalt,4869.654255
1/1/2013,Copper,355857.938438
1/1/2013,Dysprosium (REE),99.394101
1/1/2013,Erbium (REE),0.000000
1/1/2013,Europium (REE),0.000000
1/1/2013,Fluorspar,0.000000
1/1/2013,Gadolinium (REE),0.000000
1/1/2013,Gallium,29.370203
1/1/2013,Germanium,0.000000
1/1/2013,Gold,0.000000
1/1/2013,Graphite,0.000000
1/1/2013,Hafnium,-0.006141
1/1/2013,Helium,0.000000
1/1/2013,Holmium (REE),0.000000
1/1/2013,Indium,47.907524
1/1/2013,Iridium,0.000000
1/1/2013,Iron,328302.471871
1/1/2013,Lanthanum (REE),0.000000
1/1/2013,Lead,15598.489158
1/1/2013,Lithium,2411.108526
1/1/2013,Lutetium (REE),0.000000
1/1/2013,Magnesium,4554.774787
1/1/2013,Manganese,25226.710603
1/1/2013,Molybdenum,25672.799353
1/1/2013,Neodymium (REE),345.207471
1/1/2013,Nickel,127767.983356
1/1/2013,Niobium,1386.164088
1/1/2013,Palladium,0.000000
1/1/2013,Phosphate rock,0.000000
1/1/2013,Phosphorus,0.000000
1/1/2013,Platinum,0.000000
1/1/2013,Praseodymium (REE),105.560801
1/1/2013,Rhenium,0.000000
1/1/2013,Rhodium,0.000000
1/1/2013,Ruthenium,0.000000
1/1/2013,Samarium (REE),0.000000
1/1/2013,Scandium (REE),0.000000
1/1/2013,Selenium,94.299497
1/1/2013,Silicon,210664.023796
1/1/2013,Silver,980.211780
1/1/2013,Steel,61126679.801822
1/1/2013,Tantalum,18.741204
1/1/2013,Tellurium,153.789142
1/1/2013,Terbium (REE),35.068183
1/1/2013,Thulium,0.000000
1/1/2013,Tin,15158.384513
1/1/2013,Titanium,0.000000
1/1/2013,Tungsten,-0.537301
1/1/2013,Vanadium,3228.028037
1/1/2013,Yetterbium (REE),0.000000
1/1/2013,Yttrium (REE),0.000000
1/1/2013,Zinc,264637.348372
1/1/2013,Zirconium,-0.190358
1/1/2014,Aluminum,1835809.323857
1/1/2014,Antimony,0.000000
1/1/2014,Arsenic,0.000000
1/1/2014,Baryte,0.000000
1/1/2014,Beryllium,0.000000
1/1/2014,Bismuth,0.000000
1/1/2014,Borate,0.000000
1/1/2014,Boron,101.856030
1/1/2014,Cadmium,153.265499
1/1/2014,Cerium (REE),0.000000
1/1/2014,Chromium,277996.305072
1/1/2014,Cobalt,5202.107906
1/1/2014,Copper,463963.291663
1/1/2014,Dysprosium (REE),249.715916
1/1/2014,Erbium (REE),0.000000
1/1/2014,Europium (REE),0.000000
1/1/2014,Fluorspar,0.000000
1/1/2014,Gadolinium (REE),0.000000
1/1/2014,Gallium,32.494168
1/1/2014,Germanium,0.000000
1/1/2014,Gold,0.000000
1/1/2014,Graphite,0.000000
1/1/2014,Hafnium,-0.381322
1/1/2014,Helium,0.000000
1/1/2014,Holmium (REE),0.000000
1/1/2014,Indium,52.254157
1/1/2014,Iridium,0.000000
1/1/2014,Iron,350975.750465
1/1/2014,Lanthanum (REE),0.000000
1/1/2014,Lead,13240.460434
1/1/2014,Lithium,2564.463510
1/1/2014,Lutetium (REE),0.000000
1/1/2014,Magnesium,11797.704631
1/1/2014,Manganese,39491.663486
1/1/2014,Molybdenum,30008.298910
1/1/2014,Neodymium (REE),1699.163880
1/1/2014,Nickel,174407.269965
1/1/2014,Niobium,2156.110374
1/1/2014,Palladium,0.000000
1/1/2014,Phosphate rock,0.000000
1/1/2014,Phosphorus,0.000000
1/1/2014,Platinum,0.000000
1/1/2014,Praseodymium (REE),413.853714
1/1/2014,Rhenium,0.000000
1/1/2014,Rhodium,0.000000
1/1/2014,Ruthenium,0.000000
1/1/2014,Samarium (REE),0.000000
1/1/2014,Scandium (REE),0.000000
1/1/2014,Selenium,104.333048
1/1/2014,Silicon,227553.226746
1/1/2014,Silver,948.621368
1/1/2014,Steel,57099829.350352
1/1/2014,Tantalum,38.001566
1/1/2014,Tellurium,168.067924
1/1/2014,Terbium (REE),101.824935
1/1/2014,Thulium,0.000000
1/1/2014,Tin,17165.546664
1/1/2014,Titanium,50.000000
1/1/2014,Tungsten,-33.365691
1/1/2014,Vanadium,9879.600048
1/1/2014,Yetterbium (REE),0.000000
1/1/2014,Yttrium (REE),0.000000
1/1/2014,Zinc,340149.142286
1/1/2014,Zirconium,-11.820988
1/1/2015,Aluminum,1959978.389216
1/1/2015,Antimony,0.000000
1/1/2015,Arsenic,0.000000
1/1/2015,Baryte,0.000000
1/1/2015,Beryllium,0.000000
1/1/2015,Bismuth,0.000000
1/1/2015,Borate,0.000000
1/1/2015,Boron,67.169746
1/1/2015,Cadmium,204.927705
1/1/2015,Cerium (REE),0.000000
1/1/2015,Chromium,309785.815332
1/1/2015,Cobalt,2953.922985
1/1/2015,Copper,454262.312216
1/1/2015,Dysprosium (REE),58.274528
1/1/2015,Erbium (REE),0.000000
1/1/2015,Europium (REE),0.000000
1/1/2015,Fluorspar,0.000000
1/1/2015,Gadolinium (REE),0.000000
1/1/2015,Gallium,40.415684
1/1/2015,Germanium,0.000000
1/1/2015,Gold,0.000000
1/1/2015,Graphite,0.000000
1/1/2015,Hafnium,9.495846
1/1/2015,Helium,0.000000
1/1/2015,Holmium (REE),0.000000
1/1/2015,Indium,84.933072
1/1/2015,Iridium,0.000000
1/1/2015,Iron,199292.369381
1/1/2015,Lanthanum (REE),0.000000
1/1/2015,Lead,11817.008021
1/1/2015,Lithium,1413.469203
1/1/2015,Lutetium (REE),0.000000
1/1/2015,Magnesium,3929.187332
1/1/2015,Manganese,21127.416685
1/1/2015,Molybdenum,35207.984606
1/1/2015,Neodymium (REE),202.431968
1/1/2015,Nickel,179754.568391
1/1/2015,Niobium,2686.028714
1/1/2015,Palladium,0.000000
1/1/2015,Phosphate rock,0.000000
1/1/2015,Phosphorus,0.000000
1/1/2015,Platinum,0.000000
1/1/2015,Praseodymium (REE),201.609522
1/1/2015,Rhenium,0.000000
1/1/2015,Rhodium,0.000000
1/1/2015,Ruthenium,0.000000
1/1/2015,Samarium (REE),0.000000
1/1/2015,Scandium (REE),0.000000
1/1/2015,Selenium,129.771551
1/1/2015,Silicon,276455.262173
1/1/2015,Silver,1368.744480
1/1/2015,Steel,82696864.979898
1/1/2015,Tantalum,29.145082
1/1/2015,Tellurium,206.569052
1/1/2015,Terbium (REE),67.131930
1/1/2015,Thulium,0.000000
1/1/2015,Tin,21923.851191
1/1/2015,Titanium,4.712612
1/1/2015,Tungsten,47.511208
1/1/2015,Vanadium,6146.691349
1/1/2015,Yetterbium (REE),0.000000
1/1/2015,Yttrium (REE),9.495459
1/1/2015,Zinc,452450.254636
1/1/2015,Zirconium,294.371238
1/1/2016,Aluminum,2888343.141541
1/1/2016,Antimony,0.000000
1/1/2016,Arsenic,0.000000
1/1/2016,Baryte,0.000000
1/1/2016,Beryllium,0.000000
1/1/2016,Bismuth,0.000000
1/1/2016,Borate,0.000000
1/1/2016,Boron,55.234922
1/1/2016,Cadmium,316.603327
1/1/2016,Cerium (REE),0.000000
1/1/2016,Chromium,398017.711206
1/1/2016,Cobalt,7290.950427
1/1/2016,Copper,573302.150091
1/1/2016,Dysprosium (REE),146.825502
1/1/2016,Erbium (REE),0.000000
1/1/2016,Europium (REE),0.000000
1/1/2016,Fluorspar,0.000000
1/1/2016,Gadolinium (REE),0.000000
1/1/2016,Gallium,64.212334
1/1/2016,Germanium,0.000000
1/1/2016,Gold,0.000000
1/1/2016,Graphite,0.000000
1/1/2016,Hafnium,9.655857
1/1/2016,Helium,0.000000
1/1/2016,Holmium (REE),0.000000
1/1/2016,Indium,124.079206
1/1/2016,Iridium,0.000000
1/1/2016,Iron,492060.958370
1/1/2016,Lanthanum (REE),0.000000
1/1/2016,Lead,12288.863750
1/1/2016,Lithium,3560.808515
1/1/2016,Lutetium (REE),0.000000
1/1/2016,Magnesium,3676.583126
1/1/2016,Manganese,31263.410764
1/1/2016,Molybdenum,30671.992932
1/1/2016,Neodymium (REE),510.155234
1/1/2016,Nickel,229851.411240
1/1/2016,Niobium,2238.265800
1/1/2016,Palladium,0.000000
1/1/2016,Phosphate rock,0.000000
1/1/2016,Phosphorus,0.000000
1/1/2016,Platinum,0.000000
1/1/2016,Praseodymium (REE),166.082203
1/1/2016,Rhenium,0.000000
1/1/2016,Rhodium,0.000000
1/1/2016,Ruthenium,0.000000
1/1/2016,Samarium (REE),0.000000
1/1/2016,Scandium (REE),0.000000
1/1/2016,Selenium,206.180799
1/1/2016,Silicon,428976.768128
1/1/2016,Silver,2081.127490
1/1/2016,Steel,111876409.709633
1/1/2016,Tantalum,27.278069
1/1/2016,Tellurium,324.441267
1/1/2016,Terbium (REE),55.176146
1/1/2016,Thulium,0.000000
1/1/2016,Tin,29600.420095
1/1/2016,Titanium,4.732935
1/1/2016,Tungsten,48.317723
1/1/2016,Vanadium,5123.364650
1/1/2016,Yetterbium (REE),0.000000
1/1/2016,Yttrium (REE),9.655391
1/1/2016,Zinc,426031.222463
1/1/2016,Zirconium,299.331567
1/1/2017,Aluminum,3624906.754355
1/1/2017,Antimony,0.000000
1/1/2017,Arsenic,0.000000
1/1/2017,Baryte,0.000000
1/1/2017,Beryllium,0.000000
1/1/2017,Bismuth,0.000000
1/1/2017,Borate,0.000000
1/1/2017,Boron,49.784341
1/1/2017,Cadmium,389.923739
1/1/2017,Cerium (REE),0.000000
1/1/2017,Chromium,459256.652198
1/1/2017,Cobalt,23429.094280
1/1/2017,Copper,732309.131600
1/1/2017,Dysprosium (REE),479.847779
1/1/2017,Erbium (REE),0.000000
1/1/2017,Europium (REE),0.000000
1/1/2017,Fluorspar,0.000000
1/1/2017,Gadolinium (REE),0.000000
1/1/2017,Gallium,82.283665
1/1/2017,Germanium,0.000000
1/1/2017,Gold,0.000000
1/1/2017,Graphite,0.000000
1/1/2017,Hafnium,0.916453
1/1/2017,Helium,0.000000
1/1/2017,Holmium (REE),0.000000
1/1/2017,Indium,136.085202
1/1/2017,Iridium,0.000000
1/1/2017,Iron,1583144.653173
1/1/2017,Lanthanum (REE),0.000000
1/1/2017,Lead,8804.328164
1/1/2017,Lithium,11637.715881
1/1/2017,Lutetium (REE),0.000000
1/1/2017,Magnesium,2507.096582
1/1/2017,Manganese,71651.528268
1/1/2017,Molybdenum,25569.125971
1/1/2017,Neodymium (REE),1667.154517
1/1/2017,Nickel,309322.060969
1/1/2017,Niobium,2034.291118
1/1/2017,Palladium,0.000000
1/1/2017,Phosphate rock,0.000000
1/1/2017,Phosphorus,0.000000
1/1/2017,Platinum,0.000000
1/1/2017,Praseodymium (REE),150.927535
1/1/2017,Rhenium,0.000000
1/1/2017,Rhodium,0.000000
1/1/2017,Ruthenium,0.000000
1/1/2017,Samarium (REE),0.000000
1/1/2017,Scandium (REE),0.000000
1/1/2017,Selenium,264.213161
1/1/2017,Silicon,537404.013737
1/1/2017,Silver,2516.211253
1/1/2017,Steel,127010733.860687
1/1/2017,Tantalum,31.871742
1/1/2017,Tellurium,411.141895
1/1/2017,Terbium (REE),49.710627
1/1/2017,Thulium,0.000000
1/1/2017,Tin,35333.424006
1/1/2017,Titanium,4.777671
1/1/2017,Tungsten,4.627481
1/1/2017,Vanadium,4660.362100
1/1/2017,Yetterbium (REE),0.000000
1/1/2017,Yttrium (REE),0.915905
1/1/2017,Zinc,418997.415802
1/1/2017,Zirconium,28.410054
1/1/2018,Aluminum,2562077.102970
1/1/2018,Antimony,0.000000
1/1/2018,Arsenic,0.000000
1/1/2018,Baryte,0.000000
1/1/2018,Beryllium,0.000000
1/1/2018,Bismuth,0.000000
1/1/2018,Borate,0.000000
1/1/2018,Boron,131.559287
1/1/2018,Cadmium,222.918348
1/1/2018,Cerium (REE),0.000000
1/1/2018,Chromium,547164.439131
1/1/2018,Cobalt,13770.427299
1/1/2018,Copper,717997.757412
1/1/2018,Dysprosium (REE),383.283317
1/1/2018,Erbium (REE),0.000000
1/1/2018,Europium (REE),0.000000
1/1/2018,Fluorspar,0.000000
1/1/2018,Gadolinium (REE),0.000000
1/1/2018,Gallium,42.741134
1/1/2018,Germanium,0.000000
1/1/2018,Gold,0.000000
1/1/2018,Graphite,0.000000
1/1/2018,Hafnium,22.821114
1/1/2018,Helium,0.000000
1/1/2018,Holmium (REE),0.000000
1/1/2018,Indium,115.377764
1/1/2018,Iridium,0.000000
1/1/2018,Iron,927639.209243
1/1/2018,Lanthanum (REE),0.000000
1/1/2018,Lead,16735.185576
1/1/2018,Lithium,6702.327219
1/1/2018,Lutetium (REE),0.000000
1/1/2018,Magnesium,26970.513987
1/1/2018,Manganese,102163.341666
1/1/2018,Molybdenum,64444.523236
1/1/2018,Neodymium (REE),1949.260174
1/1/2018,Nickel,511147.190095
1/1/2018,Niobium,4842.498399
1/1/2018,Palladium,0.000000
1/1/2018,Phosphate rock,0.000000
1/1/2018,Phosphorus,0.000000
1/1/2018,Platinum,0.000000
1/1/2018,Praseodymium (REE),475.798610
1/1/2018,Rhenium,0.000000
1/1/2018,Rhodium,0.000000
1/1/2018,Ruthenium,0.000000
1/1/2018,Samarium (REE),0.000000
1/1/2018,Scandium (REE),0.000000
1/1/2018,Selenium,137.280737
1/1/2018,Silicon,274493.310592
1/1/2018,Silver,1573.319216
1/1/2018,Steel,99217744.012186
1/1/2018,Tantalum,175.881654
1/1/2018,Tellurium,211.268676
1/1/2018,Terbium (REE),131.521795
1/1/2018,Thulium,0.000000
1/1/2018,Tin,24258.015722
1/1/2018,Titanium,142.795906
1/1/2018,Tungsten,114.157880
1/1/2018,Vanadium,12546.890051
1/1/2018,Yetterbium (REE),0.000000
1/1/2018,Yttrium (REE),22.820480
1/1/2018,Zinc,607032.678462
1/1/2018,Zirconium,707.454549
1/1/2019,Aluminum,2610820.081411
1/1/2019,Antimony,0.000000
1/1/2019,Arsenic,0.000000
1/1/2019,Baryte,0.000000
1/1/2019,Beryllium,0.000000
1/1/2019,Bismuth,0.000000
1/1/2019,Borate,0.000000
1/1/2019,Boron,132.557015
1/1/2019,Cadmium,226.074673
1/1/2019,Cerium (REE),0.000000
1/1/2019,Chromium,553398.395642
1/1/2019,Cobalt,17293.421267
1/1/2019,Copper,747297.704305
1/1/2019,Dysprosium (REE),453.350698
1/1/2019,Erbium (REE),0.000000
1/1/2019,Europium (REE),0.000000
1/1/2019,Fluorspar,0.000000
1/1/2019,Gadolinium (REE),0.000000
1/1/2019,Gallium,43.841226
1/1/2019,Germanium,0.000000
1/1/2019,Gold,0.000000
1/1/2019,Graphite,0.000000
1/1/2019,Hafnium,22.830250
1/1/2019,Helium,0.000000
1/1/2019,Holmium (REE),0.000000
1/1/2019,Indium,117.190922
1/1/2019,Iridium,0.000000
1/1/2019,Iron,1166247.500386
1/1/2019,Lanthanum (REE),0.000000
1/1/2019,Lead,16840.938452
1/1/2019,Lithium,8398.153223
1/1/2019,Lutetium (REE),0.000000
1/1/2019,Magnesium,27037.956918
1/1/2019,Manganese,111630.423985
1/1/2019,Molybdenum,64884.972239
1/1/2019,Neodymium (REE),2193.534816
1/1/2019,Nickel,521791.554549
1/1/2019,Niobium,4897.422362
1/1/2019,Palladium,0.000000
1/1/2019,Phosphate rock,0.000000
1/1/2019,Phosphorus,0.000000
1/1/2019,Platinum,0.000000
1/1/2019,Praseodymium (REE),479.161563
1/1/2019,Rhenium,0.000000
1/1/2019,Rhodium,0.000000
1/1/2019,Ruthenium,0.000000
1/1/2019,Samarium (REE),0.000000
1/1/2019,Scandium (REE),0.000000
1/1/2019,Selenium,140.840501
1/1/2019,Silicon,276427.576363
1/1/2019,Silver,1580.431986
1/1/2019,Steel,100044629.365887
1/1/2019,Tantalum,175.997685
1/1/2019,Tellurium,214.449993
1/1/2019,Terbium (REE),132.519342
1/1/2019,Thulium,0.000000
1/1/2019,Tin,24533.856269
1/1/2019,Titanium,142.922246
1/1/2019,Tungsten,114.211020
1/1/2019,Vanadium,12637.838932
1/1/2019,Yetterbium (REE),0.000000
1/1/2019,Yttrium (REE),22.829526
1/1/2019,Zinc,614890.128655
1/1/2019,Zirconium,707.737753
1/1/2020,Aluminum,2672839.024285
1/1/2020,Antimony,0.000000
1/1/2020,Arsenic,0.000000
1/1/2020,Baryte,0.000000
1/1/2020,Beryllium,0.000000
1/1/2020,Bismuth,0.000000
1/1/2020,Borate,0.000000
1/1/2020,Boron,133.754386
1/1/2020,Cadmium,229.617035
1/1/2020,Cerium (REE),0.000000
1/1/2020,Chromium,561283.189993
1/1/2020,Cobalt,21730.251495
1/1/2020,Copper,783974.246998
1/1/2020,Dysprosium (REE),541.293777
1/1/2020,Erbium (REE),0.000000
1/1/2020,Europium (REE),0.000000
1/1/2020,Fluorspar,0.000000
1/1/2020,Gadolinium (REE),0.000000
1/1/2020,Gallium,45.019478
1/1/2020,Germanium,0.000000
1/1/2020,Gold,0.000000
1/1/2020,Graphite,0.000000
1/1/2020,Hafnium,22.840130
1/1/2020,Helium,0.000000
1/1/2020,Holmium (REE),0.000000
1/1/2020,Indium,119.133092
1/1/2020,Iridium,0.000000
1/1/2020,Iron,1466810.518921
1/1/2020,Lanthanum (REE),0.000000
1/1/2020,Lead,16974.536048
1/1/2020,Lithium,10525.776196
1/1/2020,Lutetium (REE),0.000000
1/1/2020,Magnesium,27130.420704
1/1/2020,Manganese,123551.003659
1/1/2020,Molybdenum,65406.525131
1/1/2020,Neodymium (REE),2500.330350
1/1/2020,Nickel,535188.889793
1/1/2020,Niobium,4962.748728
1/1/2020,Palladium,0.000000
1/1/2020,Phosphate rock,0.000000
1/1/2020,Phosphorus,0.000000
1/1/2020,Platinum,0.000000
1/1/2020,Praseodymium (REE),483.243739
1/1/2020,Rhenium,0.000000
1/1/2020,Rhodium,0.000000
1/1/2020,Ruthenium,0.000000
1/1/2020,Samarium (REE),0.000000
1/1/2020,Scandium (REE),0.000000
1/1/2020,Selenium,144.661137
1/1/2020,Silicon,279130.259587
1/1/2020,Silver,1590.523817
1/1/2020,Steel,101089341.369985
1/1/2020,Tantalum,176.143446
1/1/2020,Tellurium,217.989050
1/1/2020,Terbium (REE),133.716475
1/1/2020,Thulium,0.000000
1/1/2020,Tin,24878.554287
1/1/2020,Titanium,143.147958
1/1/2020,Tungsten,114.268490
1/1/2020,Vanadium,12747.240900
1/1/2020,Yetterbium (REE),0.000000
1/1/2020,Yttrium (REE),22.839308
1/1/2020,Zinc,624256.385234
1/1/2020,Zirconium,708.044033
1/1/2021,Aluminum,2751126.405758
1/1/2021,Antimony,0.000000
1/1/2021,Arsenic,0.000000
1/1/2021,Baryte,0.000000
1/1/2021,Beryllium,0.000000
1/1/2021,Bismuth,0.000000
1/1/2021,Borate,0.000000
1/1/2021,Boron,135.180328
1/1/2021,Cadmium,231.531027
1/1/2021,Cerium (REE),0.000000
1/1/2021,Chromium,571172.324854
1/1/2021,Cobalt,27307.754031
1/1/2021,Copper,829671.100751
1/1/2021,Dysprosium (REE),651.549462
1/1/2021,Erbium (REE),0.000000
1/1/2021,Europium (REE),0.000000
1/1/2021,Fluorspar,0.000000
1/1/2021,Gadolinium (REE),0.000000
1/1/2021,Gallium,46.291858
1/1/2021,Germanium,0.000000
1/1/2021,Gold,0.000000
1/1/2021,Graphite,0.000000
1/1/2021,Hafnium,22.851186
1/1/2021,Helium,0.000000
1/1/2021,Holmium (REE),0.000000
1/1/2021,Indium,121.231194
1/1/2021,Iridium,0.000000
1/1/2021,Iron,1844708.945187
1/1/2021,Lanthanum (REE),0.000000
1/1/2021,Lead,17143.052851
1/1/2021,Lithium,13192.121418
1/1/2021,Lutetium (REE),0.000000
1/1/2021,Magnesium,27259.107346
1/1/2021,Manganese,138540.933333
1/1/2021,Molybdenum,66014.411552
1/1/2021,Neodymium (REE),2885.224705
1/1/2021,Nickel,551998.317977
1/1/2021,Niobium,5039.855700
1/1/2021,Palladium,0.000000
1/1/2021,Phosphate rock,0.000000
1/1/2021,Phosphorus,0.000000
1/1/2021,Platinum,0.000000
1/1/2021,Praseodymium (REE),488.169501
1/1/2021,Rhenium,0.000000
1/1/2021,Rhodium,0.000000
1/1/2021,Ruthenium,0.000000
1/1/2021,Samarium (REE),0.000000
1/1/2021,Scandium (REE),0.000000
1/1/2021,Selenium,148.795945
1/1/2021,Silicon,282883.560910
1/1/2021,Silver,1604.841890
1/1/2021,Steel,102386388.331122
1/1/2021,Tantalum,176.328404
1/1/2021,Tellurium,219.754951
1/1/2021,Terbium (REE),135.142110
1/1/2021,Thulium,0.000000
1/1/2021,Tin,25301.922999
1/1/2021,Titanium,143.540883
1/1/2021,Tungsten,114.332802
1/1/2021,Vanadium,12877.860965
1/1/2021,Yetterbium (REE),0.000000
1/1/2021,Yttrium (REE),22.850254
1/1/2021,Zinc,635304.130961
1/1/2021,Zirconium,708.386774
1/1/2022,Aluminum,2849169.102177
1/1/2022,Antimony,0.000000
1/1/2022,Arsenic,0.000000
1/1/2022,Baryte,0.000000
1/1/2022,Beryllium,0.000000
1/1/2022,Bismuth,0.000000
1/1/2022,Borate,0.000000
1/1/2022,Boron,136.864261
1/1/2022,Cadmium,233.928607
1/1/2022,Cerium (REE),0.000000
1/1/2022,Chromium,583468.452542
1/1/2022,Cobalt,34304.306880
1/1/2022,Copper,886506.887767
1/1/2022,Dysprosium (REE),789.591100
1/1/2022,Erbium (REE),0.000000
1/1/2022,Europium (REE),0.000000
1/1/2022,Fluorspar,0.000000
1/1/2022,Gadolinium (REE),0.000000
1/1/2022,Gallium,47.674902
1/1/2022,Germanium,0.000000
1/1/2022,Gold,0.000000
1/1/2022,Graphite,0.000000
1/1/2022,Hafnium,22.863954
1/1/2022,Helium,0.000000
1/1/2022,Holmium (REE),0.000000
1/1/2022,Indium,123.513274
1/1/2022,Iridium,0.000000
1/1/2022,Iron,2318812.734505
1/1/2022,Lanthanum (REE),0.000000
1/1/2022,Lead,17353.276671
1/1/2022,Lithium,16529.152130
1/1/2022,Lutetium (REE),0.000000
1/1/2022,Magnesium,27437.514362
1/1/2022,Manganese,157355.911794
1/1/2022,Molybdenum,66723.175467
1/1/2022,Neodymium (REE),3367.420255
1/1/2022,Nickel,573014.629730
1/1/2022,Niobium,5130.123198
1/1/2022,Palladium,0.000000
1/1/2022,Phosphate rock,0.000000
1/1/2022,Phosphorus,0.000000
1/1/2022,Platinum,0.000000
1/1/2022,Praseodymium (REE),494.071610
1/1/2022,Rhenium,0.000000
1/1/2022,Rhodium,0.000000
1/1/2022,Ruthenium,0.000000
1/1/2022,Samarium (REE),0.000000
1/1/2022,Scandium (REE),0.000000
1/1/2022,Selenium,153.300112
1/1/2022,Silicon,287655.978063
1/1/2022,Silver,1623.192737
1/1/2022,Steel,103969809.288259
1/1/2022,Tantalum,176.563545
1/1/2022,Tellurium,221.968168
1/1/2022,Terbium (REE),136.825658
1/1/2022,Thulium,0.000000
1/1/2022,Tin,25813.393419
1/1/2022,Titanium,144.182085
1/1/2022,Tungsten,114.407068
1/1/2022,Vanadium,13032.528892
1/1/2022,Yetterbium (REE),0.000000
1/1/2022,Yttrium (REE),22.862896
1/1/2022,Zinc,648197.816966
1/1/2022,Zirconium,708.782564
1/1/2023,Aluminum,2766746.883581
1/1/2023,Antimony,0.000000
1/1/2023,Arsenic,0.000000
1/1/2023,Baryte,0.000000
1/1/2023,Beryllium,0.000000
1/1/2023,Bismuth,0.000000
1/1/2023,Borate,0.000000
1/1/2023,Boron,138.834719
1/1/2023,Cadmium,236.866308
1/1/2023,Cerium (REE),0.000000
1/1/2023,Chromium,579613.186640
1/1/2023,Cobalt,21461.074765
1/1/2023,Copper,808517.780973
1/1/2023,Dysprosium (REE),514.424647
1/1/2023,Erbium (REE),0.000000
1/1/2023,Europium (REE),0.000000
1/1/2023,Fluorspar,0.000000
1/1/2023,Gadolinium (REE),0.000000
1/1/2023,Gallium,49.185503
1/1/2023,Germanium,0.000000
1/1/2023,Gold,0.000000
1/1/2023,Graphite,0.000000
1/1/2023,Hafnium,22.879053
1/1/2023,Helium,0.000000
1/1/2023,Holmium (REE),0.000000
1/1/2023,Indium,126.008137
1/1/2023,Iridium,0.000000
1/1/2023,Iron,1452718.061070
1/1/2023,Lanthanum (REE),0.000000
1/1/2023,Lead,17116.700648
1/1/2023,Lithium,9838.325866
1/1/2023,Lutetium (REE),0.000000
1/1/2023,Magnesium,27360.296824
1/1/2023,Manganese,123069.192909
1/1/2023,Molybdenum,67542.053882
1/1/2023,Neodymium (REE),2415.502201
1/1/2023,Nickel,543688.056765
1/1/2023,Niobium,5234.868162
1/1/2023,Palladium,0.000000
1/1/2023,Phosphate rock,0.000000
1/1/2023,Phosphorus,0.000000
1/1/2023,Platinum,0.000000
1/1/2023,Praseodymium (REE),499.482108
1/1/2023,Rhenium,0.000000
1/1/2023,Rhodium,0.000000
1/1/2023,Ruthenium,0.000000
1/1/2023,Samarium (REE),0.000000
1/1/2023,Scandium (REE),0.000000
1/1/2023,Selenium,158.230021
1/1/2023,Silicon,293563.115649
1/1/2023,Silver,1646.078537
1/1/2023,Steel,105872441.228876
1/1/2023,Tantalum,176.861079
1/1/2023,Tellurium,224.680549
1/1/2023,Terbium (REE),138.795644
1/1/2023,Thulium,0.000000
1/1/2023,Tin,26421.780371
1/1/2023,Titanium,145.162835
1/1/2023,Tungsten,114.494899
1/1/2023,Vanadium,13214.008299
1/1/2023,Yetterbium (REE),0.000000
1/1/2023,Yttrium (REE),22.877845
1/1/2023,Zinc,662925.924638
1/1/2023,Zirconium,709.250646
1/1/2024,Aluminum,2844766.269145
1/1/2024,Antimony,0.000000
1/1/2024,Arsenic,0.000000
1/1/2024,Baryte,0.000000
1/1/2024,Beryllium,0.000000
1/1/2024,Bismuth,0.000000
1/1/2024,Borate,0.000000
1/1/2024,Boron,141.118209
1/1/2024,Cadmium,240.396866
1/1/2024,Cerium (REE),0.000000
1/1/2024,Chromium,591417.165608
1/1/2024,Cobalt,24737.096913
1/1/2024,Copper,842943.265781
1/1/2024,Dysprosium (REE),571.098718
1/1/2024,Erbium (REE),0.000000
1/1/2024,Europium (REE),0.000000
1/1/2024,Fluorspar,0.000000
1/1/2024,Gadolinium (REE),0.000000
1/1/2024,Gallium,50.840605
1/1/2024,Germanium,0.000000
1/1/2024,Gold,0.000000
1/1/2024,Graphite,0.000000
1/1/2024,Hafnium,22.897179
1/1/2024,Helium,0.000000
1/1/2024,Holmium (REE),0.000000
1/1/2024,Indium,128.744819
1/1/2024,Iridium,0.000000
1/1/2024,Iron,1676261.614657
1/1/2024,Lanthanum (REE),0.000000
1/1/2024,Lead,17262.584387
1/1/2024,Lithium,11192.157629
1/1/2024,Lutetium (REE),0.000000
1/1/2024,Magnesium,27573.201279
1/1/2024,Manganese,132003.205773
1/1/2024,Molybdenum,68479.329401
1/1/2024,Neodymium (REE),2617.332164
1/1/2024,Nickel,556505.111874
1/1/2024,Niobium,5355.292450
1/1/2024,Palladium,0.000000
1/1/2024,Phosphate rock,0.000000
1/1/2024,Phosphorus,0.000000
1/1/2024,Platinum,0.000000
1/1/2024,Praseodymium (REE),507.179300
1/1/2024,Rhenium,0.000000
1/1/2024,Rhodium,0.000000
1/1/2024,Ruthenium,0.000000
1/1/2024,Samarium (REE),0.000000
1/1/2024,Scandium (REE),0.000000
1/1/2024,Selenium,163.642232
1/1/2024,Silicon,300711.780813
1/1/2024,Silver,1673.973869
1/1/2024,Steel,108125084.860546
1/1/2024,Tantalum,177.234225
1/1/2024,Tellurium,227.940336
1/1/2024,Terbium (REE),141.078568
1/1/2024,Thulium,0.000000
1/1/2024,Tin,27135.031669
1/1/2024,Titanium,146.582062
1/1/2024,Tungsten,114.600334
1/1/2024,Vanadium,13424.887975
1/1/2024,Yetterbium (REE),0.000000
1/1/2024,Yttrium (REE),22.895792
1/1/2024,Zinc,679879.982229
1/1/2024,Zirconium,709.812549
1/1/2025,Aluminum,2936457.056789
1/1/2025,Antimony,0.000000
1/1/2025,Arsenic,0.000000
1/1/2025,Baryte,0.000000
1/1/2025,Beryllium,0.000000
1/1/2025,Bismuth,0.000000
1/1/2025,Borate,0.000000
1/1/2025,Boron,143.738200
1/1/2025,Cadmium,244.567754
1/1/2025,Cerium (REE),0.000000
1/1/2025,Chromium,605288.314087
1/1/2025,Cobalt,28532.326678
1/1/2025,Copper,882696.776350
1/1/2025,Dysprosium (REE),636.110299
1/1/2025,Erbium (REE),0.000000
1/1/2025,Europium (REE),0.000000
1/1/2025,Fluorspar,0.000000
1/1/2025,Gadolinium (REE),0.000000
1/1/2025,Gallium,52.656827
1/1/2025,Germanium,0.000000
1/1/2025,Gold,0.000000
1/1/2025,Graphite,0.000000
1/1/2025,Hafnium,22.919091
1/1/2025,Helium,0.000000
1/1/2025,Holmium (REE),0.000000
1/1/2025,Indium,131.751952
1/1/2025,Iridium,0.000000
1/1/2025,Iron,1935371.939758
1/1/2025,Lanthanum (REE),0.000000
1/1/2025,Lead,17432.658013
1/1/2025,Lithium,12742.155466
1/1/2025,Lutetium (REE),0.000000
1/1/2025,Magnesium,27856.510026
1/1/2025,Manganese,142395.142687
1/1/2025,Molybdenum,69542.036581
1/1/2025,Neodymium (REE),2849.568570
1/1/2025,Nickel,571457.851660
1/1/2025,Niobium,5492.438255
1/1/2025,Palladium,0.000000
1/1/2025,Phosphate rock,0.000000
1/1/2025,Phosphorus,0.000000
1/1/2025,Platinum,0.000000
1/1/2025,Praseodymium (REE),516.102826
1/1/2025,Rhenium,0.000000
1/1/2025,Rhodium,0.000000
1/1/2025,Ruthenium,0.000000
1/1/2025,Samarium (REE),0.000000
1/1/2025,Scandium (REE),0.000000
1/1/2025,Selenium,169.592205
1/1/2025,Silicon,309196.933277
1/1/2025,Silver,1707.312438
1/1/2025,Steel,110755602.556455
1/1/2025,Tantalum,177.697037
1/1/2025,Tellurium,231.790817
1/1/2025,Terbium (REE),143.697888
1/1/2025,Thulium,0.000000
1/1/2025,Tin,27959.971611
1/1/2025,Titanium,148.543769
1/1/2025,Tungsten,114.727793
1/1/2025,Vanadium,13667.484467
1/1/2025,Yetterbium (REE),0.000000
1/1/2025,Yttrium (REE),22.917487
1/1/2025,Zinc,699041.264530
1/1/2025,Zirconium,710.491823
1/1/2026,Aluminum,4595883.474003
1/1/2026,Antimony,0.000000
1/1/2026,Arsenic,0.000000
1/1/2026,Baryte,0.000000
1/1/2026,Beryllium,0.000000
1/1/2026,Bismuth,0.000000
1/1/2026,Borate,0.000000
1/1/2026,Boron,202.559354
1/1/2026,Cadmium,405.191869
1/1/2026,Cerium (REE),0.000000
1/1/2026,Chromium,830816.670408
1/1/2026,Cobalt,32930.073760
1/1/2026,Copper,1181686.388482
1/1/2026,Dysprosium (REE),792.442162
1/1/2026,Erbium (REE),0.000000
1/1/2026,Europium (REE),0.000000
1/1/2026,Fluorspar,0.000000
1/1/2026,Gadolinium (REE),0.000000
1/1/2026,Gallium,92.446117
1/1/2026,Germanium,0.000000
1/1/2026,Gold,0.000000
1/1/2026,Graphite,0.000000
1/1/2026,Hafnium,24.194341
1/1/2026,Helium,0.000000
1/1/2026,Holmium (REE),0.000000
1/1/2026,Indium,199.221820
1/1/2026,Iridium,0.000000
1/1/2026,Iron,2231816.547751
1/1/2026,Lanthanum (REE),0.000000
1/1/2026,Lead,15460.249958
1/1/2026,Lithium,14500.426379
1/1/2026,Lutetium (REE),0.000000
1/1/2026,Magnesium,47392.510478
1/1/2026,Manganese,227440.440295
1/1/2026,Molybdenum,82210.202271
1/1/2026,Neodymium (REE),3876.918865
1/1/2026,Nickel,733118.813435
1/1/2026,Niobium,8388.547877
1/1/2026,Palladium,0.000000
1/1/2026,Phosphate rock,0.000000
1/1/2026,Phosphorus,0.000000
1/1/2026,Platinum,0.000000
1/1/2026,Praseodymium (REE),755.625953
1/1/2026,Rhenium,0.000000
1/1/2026,Rhodium,0.000000
1/1/2026,Ruthenium,0.000000
1/1/2026,Samarium (REE),0.000000
1/1/2026,Scandium (REE),0.000000
1/1/2026,Selenium,297.478213
1/1/2026,Silicon,523233.989175
1/1/2026,Silver,2808.430202
1/1/2026,Steel,160732800.426927
1/1/2026,Tantalum,203.012295
1/1/2026,Tellurium,399.673060
1/1/2026,Terbium (REE),202.489846
1/1/2026,Thulium,0.000000
1/1/2026,Tin,42942.769966
1/1/2026,Titanium,275.216779
1/1/2026,Tungsten,121.125702
1/1/2026,Vanadium,20468.576357
1/1/2026,Yetterbium (REE),0.000000
1/1/2026,Yttrium (REE),24.192475
1/1/2026,Zinc,913220.269184
1/1/2026,Zirconium,750.024576
1/1/2027,Aluminum,4717606.121906
1/1/2027,Antimony,0.000000
1/1/2027,Arsenic,0.000000
1/1/2027,Baryte,0.000000
1/1/2027,Beryllium,0.000000
1/1/2027,Bismuth,0.000000
1/1/2027,Borate,0.000000
1/1/2027,Boron,205.908600
1/1/2027,Cadmium,410.760898
1/1/2027,Cerium (REE),0.000000
1/1/2027,Chromium,849253.336408
1/1/2027,Cobalt,37827.263219
1/1/2027,Copper,1232859.525004
1/1/2027,Dysprosium (REE),875.577533
1/1/2027,Erbium (REE),0.000000
1/1/2027,Europium (REE),0.000000
1/1/2027,Fluorspar,0.000000
1/1/2027,Gadolinium (REE),0.000000
1/1/2027,Gallium,95.306680
1/1/2027,Germanium,0.000000
1/1/2027,Gold,0.000000
1/1/2027,Graphite,0.000000
1/1/2027,Hafnium,24.226335
1/1/2027,Helium,0.000000
1/1/2027,Holmium (REE),0.000000
1/1/2027,Indium,203.953042
1/1/2027,Iridium,0.000000
1/1/2027,Iron,2566349.309799
1/1/2027,Lanthanum (REE),0.000000
1/1/2027,Lead,15681.503100
1/1/2027,Lithium,16475.113366
1/1/2027,Lutetium (REE),0.000000
1/1/2027,Magnesium,47855.887943
1/1/2027,Manganese,240994.505628
1/1/2027,Molybdenum,83543.175907
1/1/2027,Neodymium (REE),4175.663700
1/1/2027,Nickel,752742.215413
1/1/2027,Niobium,8561.563968
1/1/2027,Palladium,0.000000
1/1/2027,Phosphate rock,0.000000
1/1/2027,Phosphorus,0.000000
1/1/2027,Platinum,0.000000
1/1/2027,Praseodymium (REE),767.261816
1/1/2027,Rhenium,0.000000
1/1/2027,Rhodium,0.000000
1/1/2027,Ruthenium,0.000000
1/1/2027,Samarium (REE),0.000000
1/1/2027,Scandium (REE),0.000000
1/1/2027,Selenium,306.828044
1/1/2027,Silicon,534393.397493
1/1/2027,Silver,2852.694547
1/1/2027,Steel,164188646.431582
1/1/2027,Tantalum,203.699309
1/1/2027,Tellurium,404.811383
1/1/2027,Terbium (REE),205.838198
1/1/2027,Thulium,0.000000
1/1/2027,Tin,44006.471542
1/1/2027,Titanium,278.591732
1/1/2027,Tungsten,121.311805
1/1/2027,Vanadium,20780.282826
1/1/2027,Yetterbium (REE),0.000000
1/1/2027,Yttrium (REE),24.224152
1/1/2027,Zinc,936969.911561
1/1/2027,Zirconium,751.016383
1/1/2028,Aluminum,4855468.118932
1/1/2028,Antimony,0.000000
1/1/2028,Arsenic,0.000000
1/1/2028,Baryte,0.000000
1/1/2028,Beryllium,0.000000
1/1/2028,Bismuth,0.000000
1/1/2028,Borate,0.000000
1/1/2028,Boron,209.649515
1/1/2028,Cadmium,417.084364
1/1/2028,Cerium (REE),0.000000
1/1/2028,Chromium,870163.269869
1/1/2028,Cobalt,43278.515671
1/1/2028,Copper,1289952.655558
1/1/2028,Dysprosium (REE),968.189186
1/1/2028,Erbium (REE),0.000000
1/1/2028,Europium (REE),0.000000
1/1/2028,Fluorspar,0.000000
1/1/2028,Gadolinium (REE),0.000000
1/1/2028,Gallium,98.375923
1/1/2028,Germanium,0.000000
1/1/2028,Gold,0.000000
1/1/2028,Graphite,0.000000
1/1/2028,Hafnium,24.264740
1/1/2028,Helium,0.000000
1/1/2028,Holmium (REE),0.000000
1/1/2028,Indium,209.037565
1/1/2028,Iridium,0.000000
1/1/2028,Iron,2938748.468409
1/1/2028,Lanthanum (REE),0.000000
1/1/2028,Lead,15930.334388
1/1/2028,Lithium,18670.612669
1/1/2028,Lutetium (REE),0.000000
1/1/2028,Magnesium,48432.449527
1/1/2028,Manganese,256192.553791
1/1/2028,Molybdenum,85015.883575
1/1/2028,Neodymium (REE),4509.479288
1/1/2028,Nickel,774833.709459
1/1/2028,Niobium,8753.702765
1/1/2028,Palladium,0.000000
1/1/2028,Phosphate rock,0.000000
1/1/2028,Phosphorus,0.000000
1/1/2028,Platinum,0.000000
1/1/2028,Praseodymium (REE),780.385186
1/1/2028,Rhenium,0.000000
1/1/2028,Rhodium,0.000000
1/1/2028,Ruthenium,0.000000
1/1/2028,Samarium (REE),0.000000
1/1/2028,Scandium (REE),0.000000
1/1/2028,Selenium,316.874379
1/1/2028,Silicon,547110.759412
1/1/2028,Silver,2903.498458
1/1/2028,Steel,168090426.889477
1/1/2028,Tantalum,204.522490
1/1/2028,Tellurium,410.643599
1/1/2028,Terbium (REE),209.578099
1/1/2028,Thulium,0.000000
1/1/2028,Tin,45196.211090
1/1/2028,Titanium,282.870599
1/1/2028,Tungsten,121.535202
1/1/2028,Vanadium,21129.355201
1/1/2028,Yetterbium (REE),0.000000
1/1/2028,Yttrium (REE),24.262177
1/1/2028,Zinc,963069.439563
1/1/2028,Zirconium,752.206948
1/1/2029,Aluminum,5010053.739882
1/1/2029,Antimony,0.000000
1/1/2029,Arsenic,0.000000
1/1/2029,Baryte,0.000000
1/1/2029,Beryllium,0.000000
1/1/2029,Bismuth,0.000000
1/1/2029,Borate,0.000000
1/1/2029,Boron,213.798443
1/1/2029,Cadmium,424.194481
1/1/2029,Cerium (REE),0.000000
1/1/2029,Chromium,893653.338192
1/1/2029,Cobalt,49269.426699
1/1/2029,Copper,1352994.105302
1/1/2029,Dysprosium (REE),1070.381263
1/1/2029,Erbium (REE),0.000000
1/1/2029,Europium (REE),0.000000
1/1/2029,Fluorspar,0.000000
1/1/2029,Gadolinium (REE),0.000000
1/1/2029,Gallium,101.669482
1/1/2029,Germanium,0.000000
1/1/2029,Gold,0.000000
1/1/2029,Graphite,0.000000
1/1/2029,Hafnium,24.310539
1/1/2029,Helium,0.000000
1/1/2029,Holmium (REE),0.000000
1/1/2029,Indium,214.502864
1/1/2029,Iridium,0.000000
1/1/2029,Iron,3347974.825144
1/1/2029,Lanthanum (REE),0.000000
1/1/2029,Lead,16207.099954
1/1/2029,Lithium,21088.322389
1/1/2029,Lutetium (REE),0.000000
1/1/2029,Magnesium,49139.327957
1/1/2029,Manganese,273041.773046
1/1/2029,Molybdenum,86631.689381
1/1/2029,Neodymium (REE),4878.996011
1/1/2029,Nickel,799441.595924
1/1/2029,Niobium,8965.705990
1/1/2029,Palladium,0.000000
1/1/2029,Phosphate rock,0.000000
1/1/2029,Phosphorus,0.000000
1/1/2029,Platinum,0.000000
1/1/2029,Praseodymium (REE),795.080166
1/1/2029,Rhenium,0.000000
1/1/2029,Rhodium,0.000000
1/1/2029,Ruthenium,0.000000
1/1/2029,Samarium (REE),0.000000
1/1/2029,Scandium (REE),0.000000
1/1/2029,Selenium,327.669407
1/1/2029,Silicon,561446.606532
1/1/2029,Silver,2961.175507
1/1/2029,Steel,172457928.861885
1/1/2029,Tantalum,205.498697
1/1/2029,Tellurium,417.198586
1/1/2029,Terbium (REE),213.725887
1/1/2029,Thulium,0.000000
1/1/2029,Tin,46515.436388
1/1/2029,Titanium,288.201162
1/1/2029,Tungsten,121.801607
1/1/2029,Vanadium,21517.551626
1/1/2029,Yetterbium (REE),0.000000
1/1/2029,Yttrium (REE),24.307522
1/1/2029,Zinc,991532.924144
1/1/2029,Zirconium,753.626717
1/1/2030,Aluminum,5181788.547785
1/1/2030,Antimony,0.000000
1/1/2030,Arsenic,0.000000
1/1/2030,Baryte,0.000000
1/1/2030,Beryllium,0.000000
1/1/2030,Bismuth,0.000000
1/1/2030,Borate,0.000000
1/1/2030,Boron,218.368067
1/1/2030,Cadmium,432.115241
1/1/2030,Cerium (REE),0.000000
1/1/2030,Chromium,919808.174466
1/1/2030,Cobalt,55778.643327
1/1/2030,Copper,1421949.945779
1/1/2030,Dysprosium (REE),1182.194662
1/1/2030,Erbium (REE),0.000000
1/1/2030,Europium (REE),0.000000
1/1/2030,Fluorspar,0.000000
1/1/2030,Gadolinium (REE),0.000000
1/1/2030,Gallium,105.201566
1/1/2030,Germanium,0.000000
1/1/2030,Gold,0.000000
1/1/2030,Graphite,0.000000
1/1/2030,Hafnium,24.364755
1/1/2030,Helium,0.000000
1/1/2030,Holmium (REE),0.000000
1/1/2030,Indium,220.374170
1/1/2030,Iridium,0.000000
1/1/2030,Iron,3792504.456184
1/1/2030,Lanthanum (REE),0.000000
1/1/2030,Lead,16511.854256
1/1/2030,Lithium,23728.160949
1/1/2030,Lutetium (REE),0.000000
1/1/2030,Magnesium,49993.517884
1/1/2030,Manganese,291533.455174
1/1/2030,Molybdenum,88392.746542
1/1/2030,Neodymium (REE),5284.611588
1/1/2030,Nickel,826591.760118
1/1/2030,Niobium,9198.168929
1/1/2030,Palladium,0.000000
1/1/2030,Phosphate rock,0.000000
1/1/2030,Phosphorus,0.000000
1/1/2030,Platinum,0.000000
1/1/2030,Praseodymium (REE),811.417977
1/1/2030,Rhenium,0.000000
1/1/2030,Rhodium,0.000000
1/1/2030,Ruthenium,0.000000
1/1/2030,Samarium (REE),0.000000
1/1/2030,Scandium (REE),0.000000
1/1/2030,Selenium,339.260557
1/1/2030,Silicon,577443.686767
1/1/2030,Silver,3025.992136
1/1/2030,Steel,177306404.457211
1/1/2030,Tantalum,206.645028
1/1/2030,Tellurium,424.497547
1/1/2030,Terbium (REE),218.294241
1/1/2030,Thulium,0.000000
1/1/2030,Tin,47966.196855
1/1/2030,Titanium,294.730682
1/1/2030,Tungsten,122.116971
1/1/2030,Vanadium,21946.299161
1/1/2030,Yetterbium (REE),0.000000
1/1/2030,Yttrium (REE),24.361201
1/1/2030,Zinc,1022348.816149
1/1/2030,Zirconium,755.307406
1/1/2031,Aluminum,7241368.460249
1/1/2031,Antimony,0.000000
1/1/2031,Arsenic,0.000000
1/1/2031,Baryte,0.000000
1/1/2031,Beryllium,0.000000
1/1/2031,Bismuth,0.000000
1/1/2031,Borate,0.000000
1/1/2031,Boron,223.052536
1/1/2031,Cadmium,597.544792
1/1/2031,Cerium (REE),0.000000
1/1/2031,Chromium,1178219.763065
1/1/2031,Cobalt,62964.517282
1/1/2031,Copper,1732941.036727
1/1/2031,Dysprosium (REE),1344.630914
1/1/2031,Erbium (REE),0.000000
1/1/2031,Europium (REE),0.000000
1/1/2031,Fluorspar,0.000000
1/1/2031,Gadolinium (REE),0.000000
1/1/2031,Gallium,157.780500
1/1/2031,Germanium,0.000000
1/1/2031,Gold,0.000000
1/1/2031,Graphite,0.000000
1/1/2031,Hafnium,19.320048
1/1/2031,Helium,0.000000
1/1/2031,Holmium (REE),0.000000
1/1/2031,Indium,296.071438
1/1/2031,Iridium,0.000000
1/1/2031,Iron,4270856.279581
1/1/2031,Lanthanum (REE),0.000000
1/1/2031,Lead,16664.428578
1/1/2031,Lithium,26590.944961
1/1/2031,Lutetium (REE),0.000000
1/1/2031,Magnesium,75343.418317
1/1/2031,Manganese,424752.373202
1/1/2031,Molybdenum,90102.277558
1/1/2031,Neodymium (REE),6105.395718
1/1/2031,Nickel,1046463.700243
1/1/2031,Niobium,11739.998174
1/1/2031,Palladium,0.000000
1/1/2031,Phosphate rock,0.000000
1/1/2031,Phosphorus,0.000000
1/1/2031,Platinum,0.000000
1/1/2031,Praseodymium (REE),859.111306
1/1/2031,Rhenium,0.000000
1/1/2031,Rhodium,0.000000
1/1/2031,Ruthenium,0.000000
1/1/2031,Samarium (REE),0.000000
1/1/2031,Scandium (REE),0.000000
1/1/2031,Selenium,508.379149
1/1/2031,Silicon,823166.612703
1/1/2031,Silver,4248.061218
1/1/2031,Steel,232272905.394051
1/1/2031,Tantalum,255.768885
1/1/2031,Tellurium,603.798383
1/1/2031,Terbium (REE),222.945384
1/1/2031,Thulium,0.000000
1/1/2031,Tin,61359.770707
1/1/2031,Titanium,460.726229
1/1/2031,Tungsten,96.945458
1/1/2031,Vanadium,24578.522445
1/1/2031,Yetterbium (REE),0.000000
1/1/2031,Yttrium (REE),19.315863
1/1/2031,Zinc,1039214.928984
1/1/2031,Zirconium,598.921478
1/1/2032,Aluminum,7448300.276983
1/1/2032,Antimony,0.000000
1/1/2032,Arsenic,0.000000
1/1/2032,Baryte,0.000000
1/1/2032,Beryllium,0.000000
1/1/2032,Bismuth,0.000000
1/1/2032,Borate,0.000000
1/1/2032,Boron,228.482633
1/1/2032,Cadmium,594.942003
1/1/2032,Cerium (REE),0.000000
1/1/2032,Chromium,1209893.151428
1/1/2032,Cobalt,70459.173552
1/1/2032,Copper,1813181.298503
1/1/2032,Dysprosium (REE),1476.068403
1/1/2032,Erbium (REE),0.000000
1/1/2032,Europium (REE),0.000000
1/1/2032,Fluorspar,0.000000
1/1/2032,Gadolinium (REE),0.000000
1/1/2032,Gallium,165.200486
1/1/2032,Germanium,0.000000
1/1/2032,Gold,0.000000
1/1/2032,Graphite,0.000000
1/1/2032,Hafnium,19.394277
1/1/2032,Helium,0.000000
1/1/2032,Holmium (REE),0.000000
1/1/2032,Indium,308.326189
1/1/2032,Iridium,0.000000
1/1/2032,Iron,4782289.360821
1/1/2032,Lanthanum (REE),0.000000
1/1/2032,Lead,17022.282058
1/1/2032,Lithium,29681.517357
1/1/2032,Lutetium (REE),0.000000
1/1/2032,Magnesium,76540.731412
1/1/2032,Manganese,446534.863970
1/1/2032,Molybdenum,92146.149532
1/1/2032,Neodymium (REE),6585.195138
1/1/2032,Nickel,1078781.945796
1/1/2032,Niobium,12014.446684
1/1/2032,Palladium,0.000000
1/1/2032,Phosphate rock,0.000000
1/1/2032,Phosphorus,0.000000
1/1/2032,Platinum,0.000000
1/1/2032,Praseodymium (REE),878.878823
1/1/2032,Rhenium,0.000000
1/1/2032,Rhodium,0.000000
1/1/2032,Ruthenium,0.000000
1/1/2032,Samarium (REE),0.000000
1/1/2032,Scandium (REE),0.000000
1/1/2032,Selenium,532.556236
1/1/2032,Silicon,842276.895720
1/1/2032,Silver,4326.439517
1/1/2032,Steel,238107684.652116
1/1/2032,Tantalum,257.306922
1/1/2032,Tellurium,599.938607
1/1/2032,Terbium (REE),228.373949
1/1/2032,Thulium,0.000000
1/1/2032,Tin,63073.453741
1/1/2032,Titanium,470.072436
1/1/2032,Tungsten,97.377238
1/1/2032,Vanadium,25090.901629
1/1/2032,Yetterbium (REE),0.000000
1/1/2032,Yttrium (REE),19.389358
1/1/2032,Zinc,1074588.761625
1/1/2032,Zirconium,601.222590
1/1/2033,Aluminum,7673522.316144
1/1/2033,Antimony,0.000000
1/1/2033,Arsenic,0.000000
1/1/2033,Baryte,0.000000
1/1/2033,Beryllium,0.000000
1/1/2033,Bismuth,0.000000
1/1/2033,Borate,0.000000
1/1/2033,Boron,234.341613
1/1/2033,Cadmium,592.747723
1/1/2033,Cerium (REE),0.000000
1/1/2033,Chromium,1244439.300005
1/1/2033,Cobalt,78453.959800
1/1/2033,Copper,1899366.772395
1/1/2033,Dysprosium (REE),1617.978036
1/1/2033,Erbium (REE),0.000000
1/1/2033,Europium (REE),0.000000
1/1/2033,Fluorspar,0.000000
1/1/2033,Gadolinium (REE),0.000000
1/1/2033,Gallium,172.974855
1/1/2033,Germanium,0.000000
1/1/2033,Gold,0.000000
1/1/2033,Graphite,0.000000
1/1/2033,Hafnium,19.480078
1/1/2033,Helium,0.000000
1/1/2033,Holmium (REE),0.000000
1/1/2033,Indium,321.182288
1/1/2033,Iridium,0.000000
1/1/2033,Iron,5327589.167490
1/1/2033,Lanthanum (REE),0.000000
1/1/2033,Lead,17408.607093
1/1/2033,Lithium,33012.273029
1/1/2033,Lutetium (REE),0.000000
1/1/2033,Magnesium,77936.071211
1/1/2033,Manganese,470054.959696
1/1/2033,Molybdenum,94332.501925
1/1/2033,Neodymium (REE),7104.663996
1/1/2033,Nickel,1113800.335259
1/1/2033,Niobium,12310.151131
1/1/2033,Palladium,0.000000
1/1/2033,Phosphate rock,0.000000
1/1/2033,Phosphorus,0.000000
1/1/2033,Platinum,0.000000
1/1/2033,Praseodymium (REE),900.396306
1/1/2033,Rhenium,0.000000
1/1/2033,Rhodium,0.000000
1/1/2033,Ruthenium,0.000000
1/1/2033,Samarium (REE),0.000000
1/1/2033,Scandium (REE),0.000000
1/1/2033,Selenium,557.916141
1/1/2033,Silicon,863080.487533
1/1/2033,Silver,4412.389015
1/1/2033,Steel,244442933.249267
1/1/2033,Tantalum,259.067349
1/1/2033,Tellurium,596.445993
1/1/2033,Terbium (REE),234.231262
1/1/2033,Thulium,0.000000
1/1/2033,Tin,64916.462757
1/1/2033,Titanium,481.051752
1/1/2033,Tungsten,97.876326
1/1/2033,Vanadium,25645.420535
1/1/2033,Yetterbium (REE),0.000000
1/1/2033,Yttrium (REE),19.474309
1/1/2033,Zinc,1112104.296306
1/1/2033,Zirconium,603.882407
1/1/2034,Aluminum,7917792.330568
1/1/2034,Antimony,0.000000
1/1/2034,Arsenic,0.000000
1/1/2034,Baryte,0.000000
1/1/2034,Beryllium,0.000000
1/1/2034,Bismuth,0.000000
1/1/2034,Borate,0.000000
1/1/2034,Boron,240.620797
1/1/2034,Cadmium,590.913691
1/1/2034,Cerium (REE),0.000000
1/1/2034,Chromium,1281960.622563
1/1/2034,Cobalt,86994.163630
1/1/2034,Copper,1991790.457051
1/1/2034,Dysprosium (REE),1771.345098
1/1/2034,Erbium (REE),0.000000
1/1/2034,Europium (REE),0.000000
1/1/2034,Fluorspar,0.000000
1/1/2034,Gadolinium (REE),0.000000
1/1/2034,Gallium,181.122600
1/1/2034,Germanium,0.000000
1/1/2034,Gold,0.000000
1/1/2034,Graphite,0.000000
1/1/2034,Hafnium,19.578462
1/1/2034,Helium,0.000000
1/1/2034,Holmium (REE),0.000000
1/1/2034,Indium,334.672745
1/1/2034,Iridium,0.000000
1/1/2034,Iron,5909809.923800
1/1/2034,Lanthanum (REE),0.000000
1/1/2034,Lead,17824.669697
1/1/2034,Lithium,36606.501535
1/1/2034,Lutetium (REE),0.000000
1/1/2034,Magnesium,79547.740982
1/1/2034,Manganese,495476.672743
1/1/2034,Molybdenum,96657.342853
1/1/2034,Neodymium (REE),7667.369926
1/1/2034,Nickel,1151691.699650
1/1/2034,Niobium,12627.086596
1/1/2034,Palladium,0.000000
1/1/2034,Phosphate rock,0.000000
1/1/2034,Phosphorus,0.000000
1/1/2034,Platinum,0.000000
1/1/2034,Praseodymium (REE),923.660067
1/1/2034,Rhenium,0.000000
1/1/2034,Rhodium,0.000000
1/1/2034,Ruthenium,0.000000
1/1/2034,Samarium (REE),0.000000
1/1/2034,Scandium (REE),0.000000
1/1/2034,Selenium,584.522251
1/1/2034,Silicon,885571.630834
1/1/2034,Silver,4505.994910
1/1/2034,Steel,251279731.353746
1/1/2034,Tantalum,261.068009
1/1/2034,Tellurium,593.274646
1/1/2034,Terbium (REE),240.508647
1/1/2034,Thulium,0.000000
1/1/2034,Tin,66885.985765
1/1/2034,Titanium,493.815301
1/1/2034,Tungsten,98.448613
1/1/2034,Vanadium,26241.609531
1/1/2034,Yetterbium (REE),0.000000
1/1/2034,Yttrium (REE),19.571719
1/1/2034,Zinc,1151629.751909
1/1/2034,Zirconium,606.932333
1/1/2035,Aluminum,8182112.636455
1/1/2035,Antimony,0.000000
1/1/2035,Arsenic,0.000000
1/1/2035,Baryte,0.000000
1/1/2035,Beryllium,0.000000
1/1/2035,Bismuth,0.000000
1/1/2035,Borate,0.000000
1/1/2035,Boron,247.305569
1/1/2035,Cadmium,589.385229
1/1/2035,Cerium (REE),0.000000
1/1/2035,Chromium,1322580.323738
1/1/2035,Cobalt,96165.822143
1/1/2035,Copper,2090970.494144
1/1/2035,Dysprosium (REE),1937.696956
1/1/2035,Erbium (REE),0.000000
1/1/2035,Europium (REE),0.000000
1/1/2035,Fluorspar,0.000000
1/1/2035,Gadolinium (REE),0.000000
1/1/2035,Gallium,189.660806
1/1/2035,Germanium,0.000000
1/1/2035,Gold,0.000000
1/1/2035,Graphite,0.000000
1/1/2035,Hafnium,19.690426
1/1/2035,Helium,0.000000
1/1/2035,Holmium (REE),0.000000
1/1/2035,Indium,348.827430
1/1/2035,Iridium,0.000000
1/1/2035,Iron,6534812.788339
1/1/2035,Lanthanum (REE),0.000000
1/1/2035,Lead,18272.581033
1/1/2035,Lithium,40500.846460
1/1/2035,Lutetium (REE),0.000000
1/1/2035,Magnesium,81392.828531
1/1/2035,Manganese,523062.700852
1/1/2035,Molybdenum,99115.274938
1/1/2035,Neodymium (REE),8278.714676
1/1/2035,Nickel,1192721.114017
1/1/2035,Niobium,12965.037573
1/1/2035,Palladium,0.000000
1/1/2035,Phosphate rock,0.000000
1/1/2035,Phosphorus,0.000000
1/1/2035,Platinum,0.000000
1/1/2035,Praseodymium (REE),948.644272
1/1/2035,Rhenium,0.000000
1/1/2035,Rhodium,0.000000
1/1/2035,Ruthenium,0.000000
1/1/2035,Samarium (REE),0.000000
1/1/2035,Scandium (REE),0.000000
1/1/2035,Selenium,612.431595
1/1/2035,Silicon,909729.626774
1/1/2035,Silver,4607.276315
1/1/2035,Steel,258614537.720527
1/1/2035,Tantalum,263.326260
1/1/2035,Tellurium,590.372733
1/1/2035,Terbium (REE),247.191487
1/1/2035,Thulium,0.000000
1/1/2035,Tin,68977.952202
1/1/2035,Titanium,508.499358
1/1/2035,Tungsten,99.099888
1/1/2035,Vanadium,26878.448609
1/1/2035,Yetterbium (REE),0.000000
1/1/2035,Yttrium (REE),19.682575
1/1/2035,Zinc,1193007.903912
1/1/2035,Zirconium,610.403215
1/1/2036,Aluminum,9880859.133477
1/1/2036,Antimony,0.000000
1/1/2036,Arsenic,0.000000
1/1/2036,Baryte,0.000000
1/1/2036,Beryllium,0.000000
1/1/2036,Bismuth,0.000000
1/1/2036,Borate,0.000000
1/1/2036,Boron,245.098348
1/1/2036,Cadmium,710.070107
1/1/2036,Cerium (REE),0.000000
1/1/2036,Chromium,1543897.278347
1/1/2036,Cobalt,106242.662203
1/1/2036,Copper,2405825.416556
1/1/2036,Dysprosium (REE),2125.320237
1/1/2036,Erbium (REE),0.000000
1/1/2036,Europium (REE),0.000000
1/1/2036,Fluorspar,0.000000
1/1/2036,Gadolinium (REE),0.000000
1/1/2036,Gallium,242.439477
1/1/2036,Germanium,0.000000
1/1/2036,Gold,0.000000
1/1/2036,Graphite,0.000000
1/1/2036,Hafnium,19.123757
1/1/2036,Helium,0.000000
1/1/2036,Holmium (REE),0.000000
1/1/2036,Indium,433.806662
1/1/2036,Iridium,0.000000
1/1/2036,Iron,7211455.820225
1/1/2036,Lanthanum (REE),0.000000
1/1/2036,Lead,24756.397448
1/1/2036,Lithium,44746.252254
1/1/2036,Lutetium (REE),0.000000
1/1/2036,Magnesium,93536.340829
1/1/2036,Manganese,626538.356758
1/1/2036,Molybdenum,104655.997252
1/1/2036,Neodymium (REE),9003.217497
1/1/2036,Nickel,1356859.109693
1/1/2036,Niobium,14721.538332
1/1/2036,Palladium,0.000000
1/1/2036,Phosphate rock,0.000000
1/1/2036,Phosphorus,0.000000
1/1/2036,Platinum,0.000000
1/1/2036,Praseodymium (REE),952.026700
1/1/2036,Rhenium,0.000000
1/1/2036,Rhodium,0.000000
1/1/2036,Ruthenium,0.000000
1/1/2036,Samarium (REE),0.000000
1/1/2036,Scandium (REE),0.000000
1/1/2036,Selenium,782.427653
1/1/2036,Silicon,1117599.473973
1/1/2036,Silver,5604.738192
1/1/2036,Steel,312085785.366520
1/1/2036,Tantalum,289.686935
1/1/2036,Tellurium,717.394008
1/1/2036,Terbium (REE),244.956571
1/1/2036,Thulium,0.000000
1/1/2036,Tin,80776.182356
1/1/2036,Titanium,580.613795
1/1/2036,Tungsten,96.369887
1/1/2036,Vanadium,28299.432555
1/1/2036,Yetterbium (REE),0.000000
1/1/2036,Yttrium (REE),19.114653
1/1/2036,Zinc,1230717.596496
1/1/2036,Zirconium,592.836479
1/1/2037,Aluminum,10188987.718044
1/1/2037,Antimony,0.000000
1/1/2037,Arsenic,0.000000
1/1/2037,Baryte,0.000000
1/1/2037,Beryllium,0.000000
1/1/2037,Bismuth,0.000000
1/1/2037,Borate,0.000000
1/1/2037,Boron,252.527075
1/1/2037,Cadmium,706.182039
1/1/2037,Cerium (REE),0.000000
1/1/2037,Chromium,1591169.101256
1/1/2037,Cobalt,117105.980339
1/1/2037,Copper,2520858.261835
1/1/2037,Dysprosium (REE),2324.506330
1/1/2037,Erbium (REE),0.000000
1/1/2037,Europium (REE),0.000000
1/1/2037,Fluorspar,0.000000
1/1/2037,Gadolinium (REE),0.000000
1/1/2037,Gallium,253.019576
1/1/2037,Germanium,0.000000
1/1/2037,Gold,0.000000
1/1/2037,Graphite,0.000000
1/1/2037,Hafnium,19.265769
1/1/2037,Helium,0.000000
1/1/2037,Holmium (REE),0.000000
1/1/2037,Indium,451.352951
1/1/2037,Iridium,0.000000
1/1/2037,Iron,7951357.737642
1/1/2037,Lanthanum (REE),0.000000
1/1/2037,Lead,25276.429987
1/1/2037,Lithium,49407.058410
1/1/2037,Lutetium (REE),0.000000
1/1/2037,Magnesium,95891.314226
1/1/2037,Manganese,659648.622450
1/1/2037,Molybdenum,107359.334529
1/1/2037,Neodymium (REE),9735.751761
1/1/2037,Nickel,1405345.545584
1/1/2037,Niobium,15100.081861
1/1/2037,Palladium,0.000000
1/1/2037,Phosphate rock,0.000000
1/1/2037,Phosphorus,0.000000
1/1/2037,Platinum,0.000000
1/1/2037,Praseodymium (REE),980.283817
1/1/2037,Rhenium,0.000000
1/1/2037,Rhodium,0.000000
1/1/2037,Ruthenium,0.000000
1/1/2037,Samarium (REE),0.000000
1/1/2037,Scandium (REE),0.000000
1/1/2037,Selenium,816.997350
1/1/2037,Silicon,1144771.546086
1/1/2037,Silver,5720.214467
1/1/2037,Steel,320373675.377574
1/1/2037,Tantalum,292.508995
1/1/2037,Tellurium,711.909987
1/1/2037,Terbium (REE),252.383109
1/1/2037,Thulium,0.000000
1/1/2037,Tin,83096.546232
1/1/2037,Titanium,599.458635
1/1/2037,Tungsten,97.195946
1/1/2037,Vanadium,29012.314740
1/1/2037,Yetterbium (REE),0.000000
1/1/2037,Yttrium (REE),19.255259
1/1/2037,Zinc,1275243.809874
1/1/2037,Zirconium,597.238848
1/1/2038,Aluminum,10521762.422992
1/1/2038,Antimony,0.000000
1/1/2038,Arsenic,0.000000
1/1/2038,Baryte,0.000000
1/1/2038,Beryllium,0.000000
1/1/2038,Bismuth,0.000000
1/1/2038,Borate,0.000000
1/1/2038,Boron,260.282085
1/1/2038,Cadmium,702.420541
1/1/2038,Cerium (REE),0.000000
1/1/2038,Chromium,1642043.936098
1/1/2038,Cobalt,129100.499262
1/1/2038,Copper,2645572.282813
1/1/2038,Dysprosium (REE),2544.517830
1/1/2038,Erbium (REE),0.000000
1/1/2038,Europium (REE),0.000000
1/1/2038,Fluorspar,0.000000
1/1/2038,Gadolinium (REE),0.000000
1/1/2038,Gallium,264.033074
1/1/2038,Germanium,0.000000
1/1/2038,Gold,0.000000
1/1/2038,Graphite,0.000000
1/1/2038,Hafnium,19.424177
1/1/2038,Helium,0.000000
1/1/2038,Holmium (REE),0.000000
1/1/2038,Indium,469.639160
1/1/2038,Iridium,0.000000
1/1/2038,Iron,8768260.021981
1/1/2038,Lanthanum (REE),0.000000
1/1/2038,Lead,25839.929598
1/1/2038,Lithium,54558.349803
1/1/2038,Lutetium (REE),0.000000
1/1/2038,Magnesium,98518.823492
1/1/2038,Manganese,696290.442181
1/1/2038,Molybdenum,110171.787056
1/1/2038,Neodymium (REE),10544.115533
1/1/2038,Nickel,1458315.829984
1/1/2038,Niobium,15497.847555
1/1/2038,Palladium,0.000000
1/1/2038,Phosphate rock,0.000000
1/1/2038,Phosphorus,0.000000
1/1/2038,Platinum,0.000000
1/1/2038,Praseodymium (REE),1010.046332
1/1/2038,Rhenium,0.000000
1/1/2038,Rhodium,0.000000
1/1/2038,Ruthenium,0.000000
1/1/2038,Samarium (REE),0.000000
1/1/2038,Scandium (REE),0.000000
1/1/2038,Selenium,853.013595
1/1/2038,Silicon,1173501.109229
1/1/2038,Silver,5843.160666
1/1/2038,Steel,329129979.130449
1/1/2038,Tantalum,295.635418
1/1/2038,Tellurium,706.526176
1/1/2038,Terbium (REE),260.135807
1/1/2038,Thulium,0.000000
1/1/2038,Tin,85522.322821
1/1/2038,Titanium,620.502181
1/1/2038,Tungsten,98.117379
1/1/2038,Vanadium,29759.494192
1/1/2038,Yetterbium (REE),0.000000
1/1/2038,Yttrium (REE),19.412099
1/1/2038,Zinc,1321025.827683
1/1/2038,Zirconium,602.149498
1/1/2039,Aluminum,10881355.735343
1/1/2039,Antimony,0.000000
1/1/2039,Arsenic,0.000000
1/1/2039,Baryte,0.000000
1/1/2039,Beryllium,0.000000
1/1/2039,Bismuth,0.000000
1/1/2039,Borate,0.000000
1/1/2039,Boron,268.325809
1/1/2039,Cadmium,698.732047
1/1/2039,Cerium (REE),0.000000
1/1/2039,Chromium,1696722.532407
1/1/2039,Cobalt,142444.553715
1/1/2039,Copper,2781297.061484
1/1/2039,Dysprosium (REE),2788.714733
1/1/2039,Erbium (REE),0.000000
1/1/2039,Europium (REE),0.000000
1/1/2039,Fluorspar,0.000000
1/1/2039,Gadolinium (REE),0.000000
1/1/2039,Gallium,275.494813
1/1/2039,Germanium,0.000000
1/1/2039,Gold,0.000000
1/1/2039,Graphite,0.000000
1/1/2039,Hafnium,19.599835
1/1/2039,Helium,0.000000
1/1/2039,Holmium (REE),0.000000
1/1/2039,Indium,488.691207
1/1/2039,Iridium,0.000000
1/1/2039,Iron,9677121.098109
1/1/2039,Lanthanum (REE),0.000000
1/1/2039,Lead,26452.033302
1/1/2039,Lithium,60282.149880
1/1/2039,Lutetium (REE),0.000000
1/1/2039,Magnesium,101427.188317
1/1/2039,Manganese,737043.360827
1/1/2039,Molybdenum,113082.984629
1/1/2039,Neodymium (REE),11439.855511
1/1/2039,Nickel,1516337.799895
1/1/2039,Niobium,15913.902964
1/1/2039,Palladium,0.000000
1/1/2039,Phosphate rock,0.000000
1/1/2039,Phosphorus,0.000000
1/1/2039,Platinum,0.000000
1/1/2039,Praseodymium (REE),1041.197694
1/1/2039,Rhenium,0.000000
1/1/2039,Rhodium,0.000000
1/1/2039,Ruthenium,0.000000
1/1/2039,Samarium (REE),0.000000
1/1/2039,Scandium (REE),0.000000
1/1/2039,Selenium,890.525922
1/1/2039,Silicon,1203761.901378
1/1/2039,Silver,5973.516707
1/1/2039,Steel,338354874.046524
1/1/2039,Tantalum,299.079451
1/1/2039,Tellurium,701.191926
1/1/2039,Terbium (REE),268.177094
1/1/2039,Thulium,0.000000
1/1/2039,Tin,88047.755379
1/1/2039,Titanium,643.790837
1/1/2039,Tungsten,99.139151
1/1/2039,Vanadium,30537.840475
1/1/2039,Yetterbium (REE),0.000000
1/1/2039,Yttrium (REE),19.586017
1/1/2039,Zinc,1367832.580282
1/1/2039,Zirconium,607.594888
1/1/2040,Aluminum,11269514.822957
1/1/2040,Antimony,0.000000
1/1/2040,Arsenic,0.000000
1/1/2040,Baryte,0.000000
1/1/2040,Beryllium,0.000000
1/1/2040,Bismuth,0.000000
1/1/2040,Borate,0.000000
1/1/2040,Boron,276.616612
1/1/2040,Cadmium,695.066069
1/1/2040,Cerium (REE),0.000000
1/1/2040,Chromium,1755398.986506
1/1/2040,Cobalt,157360.397254
1/1/2040,Copper,2929292.493875
1/1/2040,Dysprosium (REE),3060.568297
1/1/2040,Erbium (REE),0.000000
1/1/2040,Europium (REE),0.000000
1/1/2040,Fluorspar,0.000000
1/1/2040,Gadolinium (REE),0.000000
1/1/2040,Gallium,287.420229
1/1/2040,Germanium,0.000000
1/1/2040,Gold,0.000000
1/1/2040,Graphite,0.000000
1/1/2040,Hafnium,19.793541
1/1/2040,Helium,0.000000
1/1/2040,Holmium (REE),0.000000
1/1/2040,Indium,508.535877
1/1/2040,Iridium,0.000000
1/1/2040,Iron,10693156.893667
1/1/2040,Lanthanum (REE),0.000000
1/1/2040,Lead,27117.980336
1/1/2040,Lithium,66663.396146
1/1/2040,Lutetium (REE),0.000000
1/1/2040,Magnesium,104621.387574
1/1/2040,Manganese,782493.603893
1/1/2040,Molybdenum,116081.785326
1/1/2040,Neodymium (REE),12434.853569
1/1/2040,Nickel,1579983.965115
1/1/2040,Niobium,16347.172074
1/1/2040,Palladium,0.000000
1/1/2040,Phosphate rock,0.000000
1/1/2040,Phosphorus,0.000000
1/1/2040,Platinum,0.000000
1/1/2040,Praseodymium (REE),1073.602933
1/1/2040,Rhenium,0.000000
1/1/2040,Rhodium,0.000000
1/1/2040,Ruthenium,0.000000
1/1/2040,Samarium (REE),0.000000
1/1/2040,Scandium (REE),0.000000
1/1/2040,Selenium,929.585853
1/1/2040,Silicon,1235533.889151
1/1/2040,Silver,6111.227017
1/1/2040,Steel,348028618.182932
1/1/2040,Tantalum,302.852550
1/1/2040,Tellurium,695.859502
1/1/2040,Terbium (REE),276.465338
1/1/2040,Thulium,0.000000
1/1/2040,Tin,90667.312027
1/1/2040,Titanium,669.341711
1/1/2040,Tungsten,100.265905
1/1/2040,Vanadium,31343.840931
1/1/2040,Yetterbium (REE),0.000000
1/1/2040,Yttrium (REE),19.777805
1/1/2040,Zinc,1415426.636594
1/1/2040,Zirconium,613.599772
1/1/2041,Aluminum,13008424.286866
1/1/2041,Antimony,0.000000
1/1/2041,Arsenic,0.000000
1/1/2041,Baryte,0.000000
1/1/2041,Beryllium,0.000000
1/1/2041,Bismuth,0.000000
1/1/2041,Borate,0.000000
1/1/2041,Boron,267.959748
1/1/2041,Cadmium,823.699811
1/1/2041,Cerium (REE),0.000000
1/1/2041,Chromium,2038781.810676
1/1/2041,Cobalt,174097.913328
1/1/2041,Copper,3322212.213692
1/1/2041,Dysprosium (REE),3366.214306
1/1/2041,Erbium (REE),0.000000
1/1/2041,Europium (REE),0.000000
1/1/2041,Fluorspar,0.000000
1/1/2041,Gadolinium (REE),0.000000
1/1/2041,Gallium,348.862638
1/1/2041,Germanium,0.000000
1/1/2041,Gold,0.000000
1/1/2041,Graphite,0.000000
1/1/2041,Hafnium,15.971470
1/1/2041,Helium,0.000000
1/1/2041,Holmium (REE),0.000000
1/1/2041,Indium,601.139875
1/1/2041,Iridium,0.000000
1/1/2041,Iron,11831066.805922
1/1/2041,Lanthanum (REE),0.000000
1/1/2041,Lead,30792.284325
1/1/2041,Lithium,73786.745784
1/1/2041,Lutetium (REE),0.000000
1/1/2041,Magnesium,103422.370050
1/1/2041,Manganese,829866.391420
1/1/2041,Molybdenum,125979.430042
1/1/2041,Neodymium (REE),13565.705217
1/1/2041,Nickel,1918814.458309
1/1/2041,Niobium,16101.198756
1/1/2041,Palladium,0.000000
1/1/2041,Phosphate rock,0.000000
1/1/2041,Phosphorus,0.000000
1/1/2041,Platinum,0.000000
1/1/2041,Praseodymium (REE),1057.592599
1/1/2041,Rhenium,0.000000
1/1/2041,Rhodium,0.000000
1/1/2041,Ruthenium,0.000000
1/1/2041,Samarium (REE),0.000000
1/1/2041,Scandium (REE),0.000000
1/1/2041,Selenium,1127.589164
1/1/2041,Silicon,1462261.178435
1/1/2041,Silver,7103.984204
1/1/2041,Steel,403237732.016905
1/1/2041,Tantalum,423.663932
1/1/2041,Tellurium,834.187465
1/1/2041,Terbium (REE),267.778403
1/1/2041,Thulium,0.000000
1/1/2041,Tin,103086.423072
1/1/2041,Titanium,668.565900
1/1/2041,Tungsten,81.329116
1/1/2041,Vanadium,30629.755493
1/1/2041,Yetterbium (REE),0.000000
1/1/2041,Yttrium (REE),15.953630
1/1/2041,Zinc,1414779.295768
1/1/2041,Zirconium,495.115556
1/1/2042,Aluminum,13459083.248973
1/1/2042,Antimony,0.000000
1/1/2042,Arsenic,0.000000
1/1/2042,Baryte,0.000000
1/1/2042,Beryllium,0.000000
1/1/2042,Bismuth,0.000000
1/1/2042,Borate,0.000000
1/1/2042,Boron,276.608119
1/1/2042,Cadmium,837.848671
1/1/2042,Cerium (REE),0.000000
1/1/2042,Chromium,2105974.548690
1/1/2042,Cobalt,192789.391059
1/1/2042,Copper,3499067.879307
1/1/2042,Dysprosium (REE),3703.656342
1/1/2042,Erbium (REE),0.000000
1/1/2042,Europium (REE),0.000000
1/1/2042,Fluorspar,0.000000
1/1/2042,Gadolinium (REE),0.000000
1/1/2042,Gallium,358.629064
1/1/2042,Germanium,0.000000
1/1/2042,Gold,0.000000
1/1/2042,Graphite,0.000000
1/1/2042,Hafnium,16.203387
1/1/2042,Helium,0.000000
1/1/2042,Holmium (REE),0.000000
1/1/2042,Indium,617.538405
1/1/2042,Iridium,0.000000
1/1/2042,Iron,13104642.729791
1/1/2042,Lanthanum (REE),0.000000
1/1/2042,Lead,31581.500436
1/1/2042,Lithium,81735.078380
1/1/2042,Lutetium (REE),0.000000
1/1/2042,Magnesium,107188.579298
1/1/2042,Manganese,886372.394296
1/1/2042,Molybdenum,129141.088652
1/1/2042,Neodymium (REE),14794.206423
1/1/2042,Nickel,1995325.010375
1/1/2042,Niobium,16565.183382
1/1/2042,Palladium,0.000000
1/1/2042,Phosphate rock,0.000000
1/1/2042,Phosphorus,0.000000
1/1/2042,Platinum,0.000000
1/1/2042,Praseodymium (REE),1092.042230
1/1/2042,Rhenium,0.000000
1/1/2042,Rhodium,0.000000
1/1/2042,Ruthenium,0.000000
1/1/2042,Samarium (REE),0.000000
1/1/2042,Scandium (REE),0.000000
1/1/2042,Selenium,1159.731991
1/1/2042,Silicon,1496822.305798
1/1/2042,Silver,7255.306453
1/1/2042,Steel,413775865.162001
1/1/2042,Tantalum,428.121856
1/1/2042,Tellurium,847.082770
1/1/2042,Terbium (REE),276.423970
1/1/2042,Thulium,0.000000
1/1/2042,Tin,105880.198369
1/1/2042,Titanium,698.569986
1/1/2042,Tungsten,82.678140
1/1/2042,Vanadium,31479.404980
1/1/2042,Yetterbium (REE),0.000000
1/1/2042,Yttrium (REE),16.183251
1/1/2042,Zinc,1463235.737040
1/1/2042,Zirconium,502.304997
1/1/2043,Aluminum,13943693.325969
1/1/2043,Antimony,0.000000
1/1/2043,Arsenic,0.000000
1/1/2043,Baryte,0.000000
1/1/2043,Beryllium,0.000000
1/1/2043,Bismuth,0.000000
1/1/2043,Borate,0.000000
1/1/2043,Boron,285.361618
1/1/2043,Cadmium,852.648550
1/1/2043,Cerium (REE),0.000000
1/1/2043,Chromium,2177672.146691
1/1/2043,Cobalt,213660.259986
1/1/2043,Copper,3691831.425455
1/1/2043,Dysprosium (REE),4078.897968
1/1/2043,Erbium (REE),0.000000
1/1/2043,Europium (REE),0.000000
1/1/2043,Fluorspar,0.000000
1/1/2043,Gadolinium (REE),0.000000
1/1/2043,Gallium,368.778709
1/1/2043,Germanium,0.000000
1/1/2043,Gold,0.000000
1/1/2043,Graphite,0.000000
1/1/2043,Hafnium,16.455252
1/1/2043,Helium,0.000000
1/1/2043,Holmium (REE),0.000000
1/1/2043,Indium,634.602083
1/1/2043,Iridium,0.000000
1/1/2043,Iron,14526860.903620
1/1/2043,Lanthanum (REE),0.000000
1/1/2043,Lead,32439.513644
1/1/2043,Lithium,90590.134523
1/1/2043,Lutetium (REE),0.000000
1/1/2043,Magnesium,111232.940070
1/1/2043,Manganese,949169.597098
1/1/2043,Molybdenum,132354.921291
1/1/2043,Neodymium (REE),16156.424213
1/1/2043,Nickel,2079028.077065
1/1/2043,Niobium,17042.343993
1/1/2043,Palladium,0.000000
1/1/2043,Phosphate rock,0.000000
1/1/2043,Phosphorus,0.000000
1/1/2043,Platinum,0.000000
1/1/2043,Praseodymium (REE),1127.256859
1/1/2043,Rhenium,0.000000
1/1/2043,Rhodium,0.000000
1/1/2043,Ruthenium,0.000000
1/1/2043,Samarium (REE),0.000000
1/1/2043,Scandium (REE),0.000000
1/1/2043,Selenium,1193.153881
1/1/2043,Silicon,1532938.264725
1/1/2043,Silver,7414.083937
1/1/2043,Steel,424742212.164096
1/1/2043,Tantalum,432.934276
1/1/2043,Tellurium,860.561605
1/1/2043,Terbium (REE),285.174539
1/1/2043,Thulium,0.000000
1/1/2043,Tin,108757.096341
1/1/2043,Titanium,730.698251
1/1/2043,Tungsten,84.143198
1/1/2043,Vanadium,32344.537962
1/1/2043,Yetterbium (REE),0.000000
1/1/2043,Yttrium (REE),16.432623
1/1/2043,Zinc,1511767.742214
1/1/2043,Zirconium,510.112817
1/1/2044,Aluminum,14464133.423913
1/1/2044,Antimony,0.000000
1/1/2044,Arsenic,0.000000
1/1/2044,Baryte,0.000000
1/1/2044,Beryllium,0.000000
1/1/2044,Bismuth,0.000000
1/1/2044,Borate,0.000000
1/1/2044,Boron,294.169595
1/1/2044,Cadmium,868.130706
1/1/2044,Cerium (REE),0.000000
1/1/2044,Chromium,2254042.785701
1/1/2044,Cobalt,236897.458962
1/1/2044,Copper,3901671.046643
1/1/2044,Dysprosium (REE),4495.317320
1/1/2044,Erbium (REE),0.000000
1/1/2044,Europium (REE),0.000000
1/1/2044,Fluorspar,0.000000
1/1/2044,Gadolinium (REE),0.000000
1/1/2044,Gallium,379.333020
1/1/2044,Germanium,0.000000
1/1/2044,Gold,0.000000
1/1/2044,Graphite,0.000000
1/1/2044,Hafnium,16.727465
1/1/2044,Helium,0.000000
1/1/2044,Holmium (REE),0.000000
1/1/2044,Indium,652.366699
1/1/2044,Iridium,0.000000
1/1/2044,Iron,16110429.647719
1/1/2044,Lanthanum (REE),0.000000
1/1/2044,Lead,33371.291552
1/1/2044,Lithium,100435.174959
1/1/2044,Lutetium (REE),0.000000
1/1/2044,Magnesium,115545.305251
1/1/2044,Manganese,1018744.318189
1/1/2044,Molybdenum,135608.464457
1/1/2044,Neodymium (REE),17663.778411
1/1/2044,Nickel,2170418.767108
1/1/2044,Niobium,17531.076371
1/1/2044,Palladium,0.000000
1/1/2044,Phosphate rock,0.000000
1/1/2044,Phosphorus,0.000000
1/1/2044,Platinum,0.000000
1/1/2044,Praseodymium (REE),1163.056199
1/1/2044,Rhenium,0.000000
1/1/2044,Rhodium,0.000000
1/1/2044,Ruthenium,0.000000
1/1/2044,Samarium (REE),0.000000
1/1/2044,Scandium (REE),0.000000
1/1/2044,Selenium,1227.926413
1/1/2044,Silicon,1570683.637093
1/1/2044,Silver,7580.534490
1/1/2044,Steel,436141920.838228
1/1/2044,Tantalum,438.108103
1/1/2044,Tellurium,874.652578
1/1/2044,Terbium (REE),293.979453
1/1/2044,Thulium,0.000000
1/1/2044,Tin,111716.859683
1/1/2044,Titanium,764.840645
1/1/2044,Tungsten,85.726612
1/1/2044,Vanadium,33220.770485
1/1/2044,Yetterbium (REE),0.000000
1/1/2044,Yttrium (REE),16.702140
1/1/2044,Zinc,1560148.834266
1/1/2044,Zirconium,518.551407
1/1/2045,Aluminum,15022449.643519
1/1/2045,Antimony,0.000000
1/1/2045,Arsenic,0.000000
1/1/2045,Baryte,0.000000
1/1/2045,Beryllium,0.000000
1/1/2045,Bismuth,0.000000
1/1/2045,Borate,0.000000
1/1/2045,Boron,302.982346
1/1/2045,Cadmium,884.336040
1/1/2045,Cerium (REE),0.000000
1/1/2045,Chromium,2335269.437982
1/1/2045,Cobalt,262696.828128
1/1/2045,Copper,4129840.424370
1/1/2045,Dysprosium (REE),4956.519809
1/1/2045,Erbium (REE),0.000000
1/1/2045,Europium (REE),0.000000
1/1/2045,Fluorspar,0.000000
1/1/2045,Gadolinium (REE),0.000000
1/1/2045,Gallium,390.318020
1/1/2045,Germanium,0.000000
1/1/2045,Gold,0.000000
1/1/2045,Graphite,0.000000
1/1/2045,Hafnium,17.020301
1/1/2045,Helium,0.000000
1/1/2045,Holmium (REE),0.000000
1/1/2045,Indium,670.875266
1/1/2045,Iridium,0.000000
1/1/2045,Iron,17868650.472809
1/1/2045,Lanthanum (REE),0.000000
1/1/2045,Lead,34382.149428
1/1/2045,Lithium,111359.039356
1/1/2045,Lutetium (REE),0.000000
1/1/2045,Magnesium,120112.538618
1/1/2045,Manganese,1095602.291695
1/1/2045,Molybdenum,138889.706861
1/1/2045,Neodymium (REE),19328.462540
1/1/2045,Nickel,2270016.726091
1/1/2045,Niobium,18029.758007
1/1/2045,Palladium,0.000000
1/1/2045,Phosphate rock,0.000000
1/1/2045,Phosphorus,0.000000
1/1/2045,Platinum,0.000000
1/1/2045,Praseodymium (REE),1199.261591
1/1/2045,Rhenium,0.000000
1/1/2045,Rhodium,0.000000
1/1/2045,Ruthenium,0.000000
1/1/2045,Samarium (REE),0.000000
1/1/2045,Scandium (REE),0.000000
1/1/2045,Selenium,1264.136446
1/1/2045,Silicon,1610158.072208
1/1/2045,Silver,7754.952426
1/1/2045,Steel,447985253.859685
1/1/2045,Tantalum,443.648490
1/1/2045,Tellurium,889.393383
1/1/2045,Terbium (REE),302.788999
1/1/2045,Thulium,0.000000
1/1/2045,Tin,114760.955959
1/1/2045,Titanium,800.860196
1/1/2045,Tungsten,87.429992
1/1/2045,Vanadium,34103.791266
1/1/2045,Yetterbium (REE),0.000000
1/1/2045,Yttrium (REE),16.992077
1/1/2045,Zinc,1608171.441512
1/1/2045,Zirconium,527.629334
1/1/2046,Aluminum,15923310.617283
1/1/2046,Antimony,0.000000
1/1/2046,Arsenic,0.000000
1/1/2046,Baryte,0.000000
1/1/2046,Beryllium,0.000000
1/1/2046,Bismuth,0.000000
1/1/2046,Borate,0.000000
1/1/2046,Boron,357.410883
1/1/2046,Cadmium,899.903377
1/1/2046,Cerium (REE),0.000000
1/1/2046,Chromium,2351131.365313
1/1/2046,Cobalt,291026.082155
1/1/2046,Copper,4536876.025605
1/1/2046,Dysprosium (REE),5530.953779
1/1/2046,Erbium (REE),0.000000
1/1/2046,Europium (REE),0.000000
1/1/2046,Fluorspar,0.000000
1/1/2046,Gadolinium (REE),0.000000
1/1/2046,Gallium,402.772235
1/1/2046,Germanium,0.000000
1/1/2046,Gold,0.000000
1/1/2046,Graphite,0.000000
1/1/2046,Hafnium,13.776252
1/1/2046,Helium,0.000000
1/1/2046,Holmium (REE),0.000000
1/1/2046,Indium,684.707202
1/1/2046,Iridium,0.000000
1/1/2046,Iron,19816385.012269
1/1/2046,Lanthanum (REE),0.000000
1/1/2046,Lead,34115.701816
1/1/2046,Lithium,123460.699500
1/1/2046,Lutetium (REE),0.000000
1/1/2046,Magnesium,129886.782408
1/1/2046,Manganese,1081605.933964
1/1/2046,Molybdenum,139658.554023
1/1/2046,Neodymium (REE),21760.054366
1/1/2046,Nickel,2202608.091707
1/1/2046,Niobium,16639.135138
1/1/2046,Palladium,0.000000
1/1/2046,Phosphate rock,0.000000
1/1/2046,Phosphorus,0.000000
1/1/2046,Platinum,0.000000
1/1/2046,Praseodymium (REE),1420.995482
1/1/2046,Rhenium,0.000000
1/1/2046,Rhodium,0.000000
1/1/2046,Ruthenium,0.000000
1/1/2046,Samarium (REE),0.000000
1/1/2046,Scandium (REE),0.000000
1/1/2046,Selenium,1305.122039
1/1/2046,Silicon,1654949.125394
1/1/2046,Silver,7950.788647
1/1/2046,Steel,463025384.642562
1/1/2046,Tantalum,366.559247
1/1/2046,Tellurium,907.100259
1/1/2046,Terbium (REE),357.213688
1/1/2046,Thulium,0.000000
1/1/2046,Tin,120014.396742
1/1/2046,Titanium,870.314453
1/1/2046,Tungsten,71.465909
1/1/2046,Vanadium,37244.085014
1/1/2046,Yetterbium (REE),0.000000
1/1/2046,Yttrium (REE),13.744923
1/1/2046,Zinc,1774275.614075
1/1/2046,Zirconium,427.063804
1/1/2047,Aluminum,16564258.374910
1/1/2047,Antimony,0.000000
1/1/2047,Arsenic,0.000000
1/1/2047,Baryte,0.000000
1/1/2047,Beryllium,0.000000
1/1/2047,Bismuth,0.000000
1/1/2047,Borate,0.000000
1/1/2047,Boron,366.096765
1/1/2047,Cadmium,917.708628
1/1/2047,Cerium (REE),0.000000
1/1/2047,Chromium,2442731.607796
1/1/2047,Cobalt,322641.086598
1/1/2047,Copper,4806051.602627
1/1/2047,Dysprosium (REE),6094.380233
1/1/2047,Erbium (REE),0.000000
1/1/2047,Europium (REE),0.000000
1/1/2047,Fluorspar,0.000000
1/1/2047,Gadolinium (REE),0.000000
1/1/2047,Gallium,414.724694
1/1/2047,Germanium,0.000000
1/1/2047,Gold,0.000000
1/1/2047,Graphite,0.000000
1/1/2047,Hafnium,14.110621
1/1/2047,Helium,0.000000
1/1/2047,Holmium (REE),0.000000
1/1/2047,Indium,704.877321
1/1/2047,Iridium,0.000000
1/1/2047,Iron,21970927.460163
1/1/2047,Lanthanum (REE),0.000000
1/1/2047,Lead,35303.489886
1/1/2047,Lithium,136853.433714
1/1/2047,Lutetium (REE),0.000000
1/1/2047,Magnesium,134915.145242
1/1/2047,Manganese,1174370.371447
1/1/2047,Molybdenum,142961.741567
1/1/2047,Neodymium (REE),23782.366769
1/1/2047,Nickel,2320328.613797
1/1/2047,Niobium,17141.763805
1/1/2047,Palladium,0.000000
1/1/2047,Phosphate rock,0.000000
1/1/2047,Phosphorus,0.000000
1/1/2047,Platinum,0.000000
1/1/2047,Praseodymium (REE),1457.520673
1/1/2047,Rhenium,0.000000
1/1/2047,Rhodium,0.000000
1/1/2047,Ruthenium,0.000000
1/1/2047,Samarium (REE),0.000000
1/1/2047,Scandium (REE),0.000000
1/1/2047,Selenium,1344.559646
1/1/2047,Silicon,1698256.369521
1/1/2047,Silver,8142.243460
1/1/2047,Steel,475782480.083617
1/1/2047,Tantalum,372.838962
1/1/2047,Tellurium,923.283045
1/1/2047,Terbium (REE),365.896051
1/1/2047,Thulium,0.000000
1/1/2047,Tin,123238.184694
1/1/2047,Titanium,909.585959
1/1/2047,Tungsten,73.410877
1/1/2047,Vanadium,38105.021425
1/1/2047,Yetterbium (REE),0.000000
1/1/2047,Yttrium (REE),14.075981
1/1/2047,Zinc,1821073.412057
1/1/2047,Zirconium,437.429243
1/1/2048,Aluminum,17251273.082638
1/1/2048,Antimony,0.000000
1/1/2048,Arsenic,0.000000
1/1/2048,Baryte,0.000000
1/1/2048,Beryllium,0.000000
1/1/2048,Bismuth,0.000000
1/1/2048,Borate,0.000000
1/1/2048,Boron,374.666922
1/1/2048,Cadmium,936.400532
1/1/2048,Cerium (REE),0.000000
1/1/2048,Chromium,2539939.638658
1/1/2048,Cobalt,357590.706000
1/1/2048,Copper,5098671.156133
1/1/2048,Dysprosium (REE),6716.571954
1/1/2048,Erbium (REE),0.000000
1/1/2048,Europium (REE),0.000000
1/1/2048,Fluorspar,0.000000
1/1/2048,Gadolinium (REE),0.000000
1/1/2048,Gallium,427.208514
1/1/2048,Germanium,0.000000
1/1/2048,Gold,0.000000
1/1/2048,Graphite,0.000000
1/1/2048,Hafnium,14.465562
1/1/2048,Helium,0.000000
1/1/2048,Holmium (REE),0.000000
1/1/2048,Indium,725.955540
1/1/2048,Iridium,0.000000
1/1/2048,Iron,24352652.777154
1/1/2048,Lanthanum (REE),0.000000
1/1/2048,Lead,36591.106732
1/1/2048,Lithium,151668.058489
1/1/2048,Lutetium (REE),0.000000
1/1/2048,Magnesium,140147.234778
1/1/2048,Manganese,1276325.000901
1/1/2048,Molybdenum,146264.017166
1/1/2048,Neodymium (REE),26009.644997
1/1/2048,Nickel,2448251.973198
1/1/2048,Niobium,17648.664703
1/1/2048,Palladium,0.000000
1/1/2048,Phosphate rock,0.000000
1/1/2048,Phosphorus,0.000000
1/1/2048,Platinum,0.000000
1/1/2048,Praseodymium (REE),1494.020831
1/1/2048,Rhenium,0.000000
1/1/2048,Rhodium,0.000000
1/1/2048,Ruthenium,0.000000
1/1/2048,Samarium (REE),0.000000
1/1/2048,Scandium (REE),0.000000
1/1/2048,Selenium,1385.770764
1/1/2048,Silicon,1743696.790974
1/1/2048,Silver,8342.859105
1/1/2048,Steel,489038938.154930
1/1/2048,Tantalum,379.484108
1/1/2048,Tellurium,940.267542
1/1/2048,Terbium (REE),374.462516
1/1/2048,Thulium,0.000000
1/1/2048,Tin,126560.621580
1/1/2048,Titanium,950.201174
1/1/2048,Tungsten,75.475508
1/1/2048,Vanadium,38959.460410
1/1/2048,Yetterbium (REE),0.000000
1/1/2048,Yttrium (REE),14.427408
1/1/2048,Zinc,1867099.065541
1/1/2048,Zirconium,448.432411
1/1/2049,Aluminum,17988021.947766
1/1/2049,Antimony,0.000000
1/1/2049,Arsenic,0.000000
1/1/2049,Baryte,0.000000
1/1/2049,Beryllium,0.000000
1/1/2049,Bismuth,0.000000
1/1/2049,Borate,0.000000
1/1/2049,Boron,383.098983
1/1/2049,Cadmium,956.038432
1/1/2049,Cerium (REE),0.000000
1/1/2049,Chromium,2643094.448294
1/1/2049,Cobalt,396225.056481
1/1/2049,Copper,5417113.357849
1/1/2049,Dysprosium (REE),7403.693867
1/1/2049,Erbium (REE),0.000000
1/1/2049,Europium (REE),0.000000
1/1/2049,Fluorspar,0.000000
1/1/2049,Gadolinium (REE),0.000000
1/1/2049,Gallium,440.261617
1/1/2049,Germanium,0.000000
1/1/2049,Gold,0.000000
1/1/2049,Graphite,0.000000
1/1/2049,Hafnium,14.840706
1/1/2049,Helium,0.000000
1/1/2049,Holmium (REE),0.000000
1/1/2049,Indium,748.002998
1/1/2049,Iridium,0.000000
1/1/2049,Iron,26985408.762545
1/1/2049,Lanthanum (REE),0.000000
1/1/2049,Lead,37987.627467
1/1/2049,Lithium,168055.081896
1/1/2049,Lutetium (REE),0.000000
1/1/2049,Magnesium,145564.101446
1/1/2049,Manganese,1388344.373048
1/1/2049,Molybdenum,149560.045896
1/1/2049,Neodymium (REE),28463.072196
1/1/2049,Nickel,2587264.516093
1/1/2049,Niobium,18158.751033
1/1/2049,Palladium,0.000000
1/1/2049,Phosphate rock,0.000000
1/1/2049,Phosphorus,0.000000
1/1/2049,Platinum,0.000000
1/1/2049,Praseodymium (REE),1530.421395
1/1/2049,Rhenium,0.000000
1/1/2049,Rhodium,0.000000
1/1/2049,Ruthenium,0.000000
1/1/2049,Samarium (REE),0.000000
1/1/2049,Scandium (REE),0.000000
1/1/2049,Selenium,1428.881963
1/1/2049,Silicon,1791417.364029
1/1/2049,Silver,8553.058698
1/1/2049,Steel,502820526.457897
1/1/2049,Tantalum,386.486810
1/1/2049,Tellurium,958.109254
1/1/2049,Terbium (REE),382.890698
1/1/2049,Thulium,0.000000
1/1/2049,Tin,129989.201380
1/1/2049,Titanium,991.955281
1/1/2049,Tungsten,77.657662
1/1/2049,Vanadium,39805.440799
1/1/2049,Yetterbium (REE),0.000000
1/1/2049,Yttrium (REE),14.798838
1/1/2049,Zinc,1912314.815194
1/1/2049,Zirconium,460.061897
1/1/2050,Aluminum,18778551.142864
1/1/2050,Antimony,0.000000
1/1/2050,Arsenic,0.000000
1/1/2050,Baryte,0.000000
1/1/2050,Beryllium,0.000000
1/1/2050,Bismuth,0.000000
1/1/2050,Borate,0.000000
1/1/2050,Boron,391.379592
1/1/2050,Cadmium,976.678174
1/1/2050,Cerium (REE),0.000000
1/1/2050,Chromium,2752577.154694
1/1/2050,Cobalt,438947.739648
1/1/2050,Copper,5764110.253743
1/1/2050,Dysprosium (REE),8162.783149
1/1/2050,Erbium (REE),0.000000
1/1/2050,Europium (REE),0.000000
1/1/2050,Fluorspar,0.000000
1/1/2050,Gadolinium (REE),0.000000
1/1/2050,Gallium,453.921650
1/1/2050,Germanium,0.000000
1/1/2050,Gold,0.000000
1/1/2050,Graphite,0.000000
1/1/2050,Hafnium,15.235509
1/1/2050,Helium,0.000000
1/1/2050,Holmium (REE),0.000000
1/1/2050,Indium,771.080025
1/1/2050,Iridium,0.000000
1/1/2050,Iron,29896702.219949
1/1/2050,Lanthanum (REE),0.000000
1/1/2050,Lead,39503.297599
1/1/2050,Lithium,186186.003149
1/1/2050,Lutetium (REE),0.000000
1/1/2050,Magnesium,151146.229295
1/1/2050,Manganese,1511434.349530
1/1/2050,Molybdenum,152846.672962
1/1/2050,Neodymium (REE),31166.900958
1/1/2050,Nickel,2738376.761565
1/1/2050,Niobium,18671.169485
1/1/2050,Palladium,0.000000
1/1/2050,Phosphate rock,0.000000
1/1/2050,Phosphorus,0.000000
1/1/2050,Platinum,0.000000
1/1/2050,Praseodymium (REE),1566.683151
1/1/2050,Rhenium,0.000000
1/1/2050,Rhodium,0.000000
1/1/2050,Ruthenium,0.000000
1/1/2050,Samarium (REE),0.000000
1/1/2050,Scandium (REE),0.000000
1/1/2050,Selenium,1474.018899
1/1/2050,Silicon,1841555.844558
1/1/2050,Silver,8773.221423
1/1/2050,Steel,517149997.970063
1/1/2050,Tantalum,393.835904
1/1/2050,Tellurium,976.860626
1/1/2050,Terbium (REE),391.167231
1/1/2050,Thulium,0.000000
1/1/2050,Tin,133531.939594
1/1/2050,Titanium,1034.632431
1/1/2050,Tungsten,79.954161
1/1/2050,Vanadium,40641.827223
1/1/2050,Yetterbium (REE),0.000000
1/1/2050,Yttrium (REE),15.189732
1/1/2050,Zinc,1956731.035093
1/1/2050,Zirconium,472.300773
